{
  "test": {
    "domain_auc": 0.513960113960114,
    "domain_acc": 0.5545977011494253,
    "a_distance": 0.8908045977011494,
    "domain_auc_elliptical": 0.801948051948052,
    "domain_auc_irregular": 0.8284023668639053,
    "domain_auc_spiral": 0.5892771946564885,
    "centroid_dist_elliptical": 0.19825850427150726,
    "centroid_dist_irregular": 0.43631601333618164,
    "centroid_dist_spiral": 0.016689462587237358,
    "avg_centroid_distance": 0.2170879989862442,
    "src_var_elliptical": 0.0009863580344244838,
    "tgt_var_elliptical": 0.0011709877289831638,
    "src_var_irregular": 0.0005389680154621601,
    "tgt_var_irregular": 0.0007850314723327756,
    "src_var_spiral": 0.0004577957733999938,
    "tgt_var_spiral": 0.00047233738587237895,
    "src_class_pct_elliptical": 22.170542635658915,
    "tgt_class_pct_elliptical": 13.64522417153996,
    "src_class_pct_irregular": 6.3565891472868215,
    "tgt_class_pct_irregular": 8.382066276803119,
    "src_class_pct_spiral": 71.47286821705427,
    "tgt_class_pct_spiral": 77.97270955165692,
    "silhouette_score": -0.0010163146071135998
  },
  "full": {
    "domain_auc": 0.6399210224392327,
    "domain_acc": 0.569213095921884,
    "a_distance": 0.8615738081562321,
    "domain_auc_elliptical": 0.6882159315339038,
    "domain_auc_irregular": 0.8946177062374245,
    "domain_auc_spiral": 0.6728258681670485,
    "centroid_dist_elliptical": 0.0661427304148674,
    "centroid_dist_irregular": 0.56772780418396,
    "centroid_dist_spiral": 0.10155585408210754,
    "avg_centroid_distance": 0.2451421469449997,
    "src_var_elliptical": 0.0011317490134388208,
    "tgt_var_elliptical": 0.0011821214575320482,
    "src_var_irregular": 0.0010266941972076893,
    "tgt_var_irregular": 0.0008238818845711648,
    "src_var_spiral": 0.000447167141828686,
    "tgt_var_spiral": 0.0005061179981566966,
    "src_class_pct_elliptical": 22.246287128712872,
    "tgt_class_pct_elliptical": 13.746105919003115,
    "src_class_pct_irregular": 6.435643564356436,
    "tgt_class_pct_irregular": 8.37227414330218,
    "src_class_pct_spiral": 71.3180693069307,
    "tgt_class_pct_spiral": 77.88161993769471,
    "silhouette_score": 0.00020591537759173661
  }
}