{
  "src_acc": 0.862015503875969,
  "src_macro_f1": 0.6493700178740817,
  "src_recalls": [
    0.8251748251748252,
    0.14634146341463414,
    0.9370932754880694
  ],
  "src_cm": [
    [
      118,
      2,
      23
    ],
    [
      5,
      6,
      30
    ],
    [
      23,
      6,
      432
    ]
  ],
  "src_ece": 0.10592590981675669,
  "src_roc_auc_macro": 0.8684055274704612,
  "src_roc_auc_weighted": 0.9071478652360115,
  "src_auprc_macro": 0.7052578505675392,
  "src_auprc_weighted": 0.8888775841868167
}