{
  "tgt_acc": 0.8538011695906432,
  "tgt_macro_f1": 0.6010279317285687,
  "tgt_recalls": [
    0.9714285714285714,
    0.06976744186046512,
    0.9175
  ],
  "tgt_cm": [
    [
      68,
      2,
      0
    ],
    [
      22,
      3,
      18
    ],
    [
      15,
      18,
      367
    ]
  ],
  "tgt_ece": 0.1262002148707243,
  "tgt_roc_auc_macro": 0.8508778568417515,
  "tgt_roc_auc_weighted": 0.9165931707532148,
  "tgt_auprc_macro": 0.6486888026299181,
  "tgt_auprc_weighted": 0.8811426764413646
}