{
  "test": {
    "domain_auc": 0.7931288754818167,
    "domain_acc": 0.5603448275862069,
    "a_distance": 0.8793103448275863,
    "domain_auc_elliptical": 0.8214285714285714,
    "domain_auc_irregular": 0.8047337278106509,
    "domain_auc_spiral": 0.7028864503816795,
    "centroid_dist_elliptical": 0.0441969595849514,
    "centroid_dist_irregular": 0.0595305897295475,
    "centroid_dist_spiral": 0.03541720658540726,
    "avg_centroid_distance": 0.04638158157467842,
    "src_var_elliptical": 0.0008614254766143858,
    "tgt_var_elliptical": 0.0008012235048227012,
    "src_var_irregular": 0.00041613413486629725,
    "tgt_var_irregular": 0.0005026052822358906,
    "src_var_spiral": 0.00034291608608327806,
    "tgt_var_spiral": 0.0003599167976062745,
    "src_class_pct_elliptical": 22.170542635658915,
    "tgt_class_pct_elliptical": 13.64522417153996,
    "src_class_pct_irregular": 6.3565891472868215,
    "tgt_class_pct_irregular": 8.382066276803119,
    "src_class_pct_spiral": 71.47286821705427,
    "tgt_class_pct_spiral": 77.97270955165692,
    "silhouette_score": 0.0028688632883131504
  },
  "full": {
    "domain_auc": 0.7685864083886975,
    "domain_acc": 0.6191843767949454,
    "a_distance": 0.7616312464101092,
    "domain_auc_elliptical": 0.7845073513276278,
    "domain_auc_irregular": 0.971327967806841,
    "domain_auc_spiral": 0.7468752695798866,
    "centroid_dist_elliptical": 0.05407475307583809,
    "centroid_dist_irregular": 0.1264413595199585,
    "centroid_dist_spiral": 0.045232728123664856,
    "avg_centroid_distance": 0.07524961233139038,
    "src_var_elliptical": 0.0009416210814379156,
    "tgt_var_elliptical": 0.0008037096122279763,
    "src_var_irregular": 0.0004968793364241719,
    "tgt_var_irregular": 0.0004862348723690957,
    "src_var_spiral": 0.00031898292945697904,
    "tgt_var_spiral": 0.00037096868618391454,
    "src_class_pct_elliptical": 22.246287128712872,
    "tgt_class_pct_elliptical": 13.746105919003115,
    "src_class_pct_irregular": 6.435643564356436,
    "tgt_class_pct_irregular": 8.37227414330218,
    "src_class_pct_spiral": 71.3180693069307,
    "tgt_class_pct_spiral": 77.88161993769471,
    "silhouette_score": 0.004114029463380575
  }
}