{
  "src_acc": 0.8356589147286821,
  "src_macro_f1": 0.6677332140075944,
  "src_recalls": [
    0.8181818181818182,
    0.3170731707317073,
    0.8872017353579176
  ],
  "src_cm": [
    [
      117,
      7,
      19
    ],
    [
      4,
      13,
      24
    ],
    [
      28,
      24,
      409
    ]
  ],
  "src_ece": 0.11936126342115475,
  "src_roc_auc_macro": 0.8977531717360833,
  "src_roc_auc_weighted": 0.9181737821257084,
  "src_auprc_macro": 0.7335539621145731,
  "src_auprc_weighted": 0.9061915802585236
}