{
  "tgt_acc": 0.8128654970760234,
  "tgt_macro_f1": 0.5163167145132942,
  "tgt_recalls": [
    0.6571428571428571,
    0.023255813953488372,
    0.925
  ],
  "tgt_cm": [
    [
      46,
      2,
      22
    ],
    [
      7,
      1,
      35
    ],
    [
      27,
      3,
      370
    ]
  ],
  "tgt_ece": 0.1270200034447348,
  "tgt_roc_auc_macro": 0.7424950709161046,
  "tgt_roc_auc_weighted": 0.7881766538834514,
  "tgt_auprc_macro": 0.5647578610445569,
  "tgt_auprc_weighted": 0.8000729013833295
}