{
  "test": {
    "domain_auc": 0.9895760013407073,
    "domain_acc": 0.9482758620689655,
    "a_distance": 0.10344827586206895,
    "domain_auc_elliptical": 0.9632034632034632,
    "domain_auc_irregular": 0.7751479289940829,
    "domain_auc_spiral": 0.9770395992366413,
    "centroid_dist_elliptical": 0.3451659083366394,
    "centroid_dist_irregular": 0.2536894679069519,
    "centroid_dist_spiral": 0.18787036836147308,
    "avg_centroid_distance": 0.262241929769516,
    "src_var_elliptical": 0.00012697590864263475,
    "tgt_var_elliptical": 0.00011658322182483971,
    "src_var_irregular": 0.00013070926070213318,
    "tgt_var_irregular": 0.00012327817967161536,
    "src_var_spiral": 0.00013373390538617969,
    "tgt_var_spiral": 0.00012227660045027733,
    "src_class_pct_elliptical": 22.170542635658915,
    "tgt_class_pct_elliptical": 13.64522417153996,
    "src_class_pct_irregular": 6.3565891472868215,
    "tgt_class_pct_irregular": 8.382066276803119,
    "src_class_pct_spiral": 71.47286821705427,
    "tgt_class_pct_spiral": 77.97270955165692,
    "silhouette_score": 0.01560452114790678
  },
  "full": {
    "domain_auc": 0.9954734651404786,
    "domain_acc": 0.9747271682940839,
    "a_distance": 0.0505456634118322,
    "domain_auc_elliptical": 0.9942506034671934,
    "domain_auc_irregular": 0.9245472837022133,
    "domain_auc_spiral": 0.9968584957202695,
    "centroid_dist_elliptical": 0.3435875475406647,
    "centroid_dist_irregular": 0.24713636934757233,
    "centroid_dist_spiral": 0.1771022379398346,
    "avg_centroid_distance": 0.25594207644462585,
    "src_var_elliptical": 0.0001257668191101402,
    "tgt_var_elliptical": 0.00011626342893578112,
    "src_var_irregular": 0.00012963413610123098,
    "tgt_var_irregular": 0.00012453793897293508,
    "src_var_spiral": 0.00013391855463851243,
    "tgt_var_spiral": 0.00012204392260173336,
    "src_class_pct_elliptical": 22.246287128712872,
    "tgt_class_pct_elliptical": 13.746105919003115,
    "src_class_pct_irregular": 6.435643564356436,
    "tgt_class_pct_irregular": 8.37227414330218,
    "src_class_pct_spiral": 71.3180693069307,
    "tgt_class_pct_spiral": 77.88161993769471,
    "silhouette_score": 0.014601797796785831
  }
}