{
  "src_acc": 0.7937984496124031,
  "src_macro_f1": 0.6067388198632522,
  "src_recalls": [
    0.8671328671328671,
    0.1951219512195122,
    0.824295010845987
  ],
  "src_cm": [
    [
      124,
      8,
      11
    ],
    [
      6,
      8,
      27
    ],
    [
      40,
      41,
      380
    ]
  ],
  "src_ece": 0.04580958785936812,
  "src_roc_auc_macro": 0.8502780644703801,
  "src_roc_auc_weighted": 0.8828281985635734,
  "src_auprc_macro": 0.6575903108740871,
  "src_auprc_weighted": 0.8716802675835974
}