{
  "tgt_acc": 0.5497076023391813,
  "tgt_macro_f1": 0.46121039539146375,
  "tgt_recalls": [
    0.5142857142857142,
    0.3488372093023256,
    0.5775
  ],
  "tgt_cm": [
    [
      36,
      13,
      21
    ],
    [
      10,
      15,
      18
    ],
    [
      12,
      157,
      231
    ]
  ],
  "tgt_ece": 0.18968420407460676,
  "tgt_roc_auc_macro": 0.6387668989731158,
  "tgt_roc_auc_weighted": 0.641267717183185,
  "tgt_auprc_macro": 0.49680684641943224,
  "tgt_auprc_weighted": 0.7227080759556918
}