{
  "test": {
    "domain_auc": 0.979453661806603,
    "domain_acc": 0.9166666666666666,
    "a_distance": 0.16666666666666674,
    "domain_auc_elliptical": 0.9523809523809524,
    "domain_auc_irregular": 0.7692307692307692,
    "domain_auc_spiral": 0.9389909351145038,
    "centroid_dist_elliptical": 0.3343207836151123,
    "centroid_dist_irregular": 0.2908909022808075,
    "centroid_dist_spiral": 0.21671243011951447,
    "avg_centroid_distance": 0.2806413769721985,
    "src_var_elliptical": 0.0001303302706219256,
    "tgt_var_elliptical": 0.00013150130689609796,
    "src_var_irregular": 0.00013098580529913306,
    "tgt_var_irregular": 0.000134175134007819,
    "src_var_spiral": 0.0001317866990575567,
    "tgt_var_spiral": 0.00013212858175393194,
    "src_class_pct_elliptical": 22.170542635658915,
    "tgt_class_pct_elliptical": 13.64522417153996,
    "src_class_pct_irregular": 6.3565891472868215,
    "tgt_class_pct_irregular": 8.382066276803119,
    "src_class_pct_spiral": 71.47286821705427,
    "tgt_class_pct_spiral": 77.97270955165692,
    "silhouette_score": 0.02895878255367279
  },
  "full": {
    "domain_auc": 0.9902958990367939,
    "domain_acc": 0.9649626651349799,
    "a_distance": 0.07007466973004028,
    "domain_auc_elliptical": 0.9952161509765197,
    "domain_auc_irregular": 0.9303319919517103,
    "domain_auc_spiral": 0.9821789722895838,
    "centroid_dist_elliptical": 0.3259028494358063,
    "centroid_dist_irregular": 0.30067750811576843,
    "centroid_dist_spiral": 0.2021893411874771,
    "avg_centroid_distance": 0.2762565612792969,
    "src_var_elliptical": 0.00013018098252359778,
    "tgt_var_elliptical": 0.00013099299394525588,
    "src_var_irregular": 0.0001314814726356417,
    "tgt_var_irregular": 0.0001347357756458223,
    "src_var_spiral": 0.00013198067608755082,
    "tgt_var_spiral": 0.00013222068082541227,
    "src_class_pct_elliptical": 22.246287128712872,
    "tgt_class_pct_elliptical": 13.746105919003115,
    "src_class_pct_irregular": 6.435643564356436,
    "tgt_class_pct_irregular": 8.37227414330218,
    "src_class_pct_spiral": 71.3180693069307,
    "tgt_class_pct_spiral": 77.88161993769471,
    "silhouette_score": 0.027811560779809952
  }
}