{
  "src_acc": 0.7922480620155039,
  "src_macro_f1": 0.6148337382261433,
  "src_recalls": [
    0.8601398601398601,
    0.24390243902439024,
    0.8199566160520607
  ],
  "src_cm": [
    [
      123,
      8,
      12
    ],
    [
      7,
      10,
      24
    ],
    [
      43,
      40,
      378
    ]
  ],
  "src_ece": 0.09776975484781485,
  "src_roc_auc_macro": 0.8334786106637923,
  "src_roc_auc_weighted": 0.8630077144198436,
  "src_auprc_macro": 0.6640408762966106,
  "src_auprc_weighted": 0.8649201011915305
}