{
  "tgt_acc": 0.5536062378167641,
  "tgt_macro_f1": 0.46787292247081763,
  "tgt_recalls": [
    0.5142857142857142,
    0.3488372093023256,
    0.5825
  ],
  "tgt_cm": [
    [
      36,
      14,
      20
    ],
    [
      7,
      15,
      21
    ],
    [
      11,
      156,
      233
    ]
  ],
  "tgt_ece": 0.17553604555408853,
  "tgt_roc_auc_macro": 0.6377481756007541,
  "tgt_roc_auc_weighted": 0.6246889485802216,
  "tgt_auprc_macro": 0.50312926209197,
  "tgt_auprc_weighted": 0.7311759039360514
}