{
  "test": {
    "domain_auc": 0.9997653762359645,
    "domain_acc": 0.9942528735632183,
    "a_distance": 0.011494252873563315,
    "sinkhorn_div": 0.31685787439346313,
    "domain_auc_elliptical": 1.0,
    "domain_auc_irregular": 0.9349112426035503,
    "domain_auc_spiral": 0.9855677480916031,
    "centroid_dist_elliptical": 0.3775409162044525,
    "centroid_dist_irregular": 0.31228989362716675,
    "centroid_dist_spiral": 0.2819763123989105,
    "avg_centroid_distance": 0.32393571734428406,
    "src_var_elliptical": 0.00012081317254342139,
    "tgt_var_elliptical": 0.00012768490705639124,
    "src_var_irregular": 0.00011661626922432333,
    "tgt_var_irregular": 0.00012249038263689727,
    "src_var_spiral": 0.00011889774032169953,
    "tgt_var_spiral": 0.00011984105367446318,
    "src_class_pct_elliptical": 22.170542635658915,
    "tgt_class_pct_elliptical": 13.64522417153996,
    "src_class_pct_irregular": 6.3565891472868215,
    "tgt_class_pct_irregular": 8.382066276803119,
    "src_class_pct_spiral": 71.47286821705427,
    "tgt_class_pct_spiral": 77.97270955165692,
    "silhouette_score": 0.04901542887091637
  },
  "full": {
    "domain_auc": 0.9991915472664693,
    "domain_acc": 0.9896611143021252,
    "a_distance": 0.020677771395749556,
    "sinkhorn_div": 0.2914087176322937,
    "domain_auc_elliptical": 1.0,
    "domain_auc_irregular": 0.9934607645875252,
    "domain_auc_spiral": 0.9968824583768655,
    "centroid_dist_elliptical": 0.36972081661224365,
    "centroid_dist_irregular": 0.27897292375564575,
    "centroid_dist_spiral": 0.26631420850753784,
    "avg_centroid_distance": 0.3050026595592499,
    "src_var_elliptical": 0.00012074183905497193,
    "tgt_var_elliptical": 0.00012669945135712624,
    "src_var_irregular": 0.00011664650082821026,
    "tgt_var_irregular": 0.00012332100595813245,
    "src_var_spiral": 0.00011867644934682176,
    "tgt_var_spiral": 0.000120227959996555,
    "src_class_pct_elliptical": 22.246287128712872,
    "tgt_class_pct_elliptical": 13.746105919003115,
    "src_class_pct_irregular": 6.435643564356436,
    "tgt_class_pct_irregular": 8.37227414330218,
    "src_class_pct_spiral": 71.3180693069307,
    "tgt_class_pct_spiral": 77.88161993769471,
    "silhouette_score": 0.04541958123445511
  }
}