{
  "src_acc": 0.7875968992248062,
  "src_macro_f1": 0.5970290382318554,
  "src_recalls": [
    0.7412587412587412,
    0.1951219512195122,
    0.8546637744034707
  ],
  "src_cm": [
    [
      106,
      11,
      26
    ],
    [
      3,
      8,
      30
    ],
    [
      22,
      45,
      394
    ]
  ],
  "src_ece": 0.04669865711714869,
  "src_roc_auc_macro": 0.8366059638610065,
  "src_roc_auc_weighted": 0.8648930172301462,
  "src_auprc_macro": 0.6422873840029791,
  "src_auprc_weighted": 0.8681042778396564
}