{
  "tgt_acc": 0.6569200779727096,
  "tgt_macro_f1": 0.4998339575651128,
  "tgt_recalls": [
    0.4714285714285714,
    0.23255813953488372,
    0.735
  ],
  "tgt_cm": [
    [
      33,
      10,
      27
    ],
    [
      3,
      10,
      30
    ],
    [
      5,
      101,
      294
    ]
  ],
  "tgt_ece": 0.23574795093220344,
  "tgt_roc_auc_macro": 0.6589740178500963,
  "tgt_roc_auc_weighted": 0.6498301636187419,
  "tgt_auprc_macro": 0.5383400142124953,
  "tgt_auprc_weighted": 0.7509397113403748
}