{
  "test": {
    "domain_auc": 1.0,
    "domain_acc": 0.9971264367816092,
    "a_distance": 0.005747126436781658,
    "domain_auc_elliptical": 1.0,
    "domain_auc_irregular": 0.9526627218934911,
    "domain_auc_spiral": 0.9998807251908397,
    "centroid_dist_elliptical": 0.5989744067192078,
    "centroid_dist_irregular": 0.37524524331092834,
    "centroid_dist_spiral": 0.3899650573730469,
    "avg_centroid_distance": 0.45472824573516846,
    "src_var_elliptical": 0.00013158783258404583,
    "tgt_var_elliptical": 9.807854803511873e-05,
    "src_var_irregular": 0.00013140178634785116,
    "tgt_var_irregular": 0.00010621156980050728,
    "src_var_spiral": 0.0001335770357400179,
    "tgt_var_spiral": 9.890113869914785e-05,
    "src_class_pct_elliptical": 22.170542635658915,
    "tgt_class_pct_elliptical": 13.64522417153996,
    "src_class_pct_irregular": 6.3565891472868215,
    "tgt_class_pct_irregular": 8.382066276803119,
    "src_class_pct_spiral": 71.47286821705427,
    "tgt_class_pct_spiral": 77.97270955165692,
    "silhouette_score": 0.0738053098320961
  },
  "full": {
    "domain_auc": 0.9999159529336428,
    "domain_acc": 0.9942561746122918,
    "a_distance": 0.01148765077541647,
    "domain_auc_elliptical": 1.0,
    "domain_auc_irregular": 0.999748490945674,
    "domain_auc_spiral": 0.9999664522807656,
    "centroid_dist_elliptical": 0.6051647067070007,
    "centroid_dist_irregular": 0.37978407740592957,
    "centroid_dist_spiral": 0.3784879744052887,
    "avg_centroid_distance": 0.4544788897037506,
    "src_var_elliptical": 0.00013134710025042295,
    "tgt_var_elliptical": 9.71066765487194e-05,
    "src_var_irregular": 0.00013198710803408176,
    "tgt_var_irregular": 0.00010596733045531437,
    "src_var_spiral": 0.0001335319539066404,
    "tgt_var_spiral": 9.894405957311392e-05,
    "src_class_pct_elliptical": 22.246287128712872,
    "tgt_class_pct_elliptical": 13.746105919003115,
    "src_class_pct_irregular": 6.435643564356436,
    "tgt_class_pct_irregular": 8.37227414330218,
    "src_class_pct_spiral": 71.3180693069307,
    "tgt_class_pct_spiral": 77.88161993769471,
    "silhouette_score": 0.07147035002708435
  }
}