{
  "src_acc": 0.7271317829457364,
  "src_macro_f1": 0.5863194660580281,
  "src_recalls": [
    0.9370629370629371,
    0.3170731707317073,
    0.6984815618221258
  ],
  "src_cm": [
    [
      134,
      2,
      7
    ],
    [
      8,
      13,
      20
    ],
    [
      93,
      46,
      322
    ]
  ],
  "src_ece": 0.08148016818734102,
  "src_roc_auc_macro": 0.8682426915215641,
  "src_roc_auc_weighted": 0.8865513153683243,
  "src_auprc_macro": 0.6660732116540233,
  "src_auprc_weighted": 0.8724215902071863
}