{
  "tgt_acc": 0.4619883040935672,
  "tgt_macro_f1": 0.4081276163506525,
  "tgt_recalls": [
    0.45714285714285713,
    0.3488372093023256,
    0.475
  ],
  "tgt_cm": [
    [
      32,
      12,
      26
    ],
    [
      4,
      15,
      24
    ],
    [
      18,
      192,
      190
    ]
  ],
  "tgt_ece": 0.3032773530971237,
  "tgt_roc_auc_macro": 0.6026357054062507,
  "tgt_roc_auc_weighted": 0.5783439398670202,
  "tgt_auprc_macro": 0.4714940701130603,
  "tgt_auprc_weighted": 0.7011365821595551
}