{
  "test": {
    "domain_auc": 0.9875984581866935,
    "domain_acc": 0.9281609195402298,
    "a_distance": 0.14367816091954033,
    "domain_auc_elliptical": 0.9924242424242424,
    "domain_auc_irregular": 0.9112426035502958,
    "domain_auc_spiral": 0.9856273854961832,
    "centroid_dist_elliptical": 0.6896051168441772,
    "centroid_dist_irregular": 0.5728404521942139,
    "centroid_dist_spiral": 0.6015628576278687,
    "avg_centroid_distance": 0.6213361620903015,
    "src_var_elliptical": 0.0012172666611149907,
    "tgt_var_elliptical": 0.0008925420115701854,
    "src_var_irregular": 0.001069450518116355,
    "tgt_var_irregular": 0.0007222930435091257,
    "src_var_spiral": 0.0008074327488429844,
    "tgt_var_spiral": 0.0007034633308649063,
    "src_class_pct_elliptical": 22.170542635658915,
    "tgt_class_pct_elliptical": 13.64522417153996,
    "src_class_pct_irregular": 6.3565891472868215,
    "tgt_class_pct_irregular": 8.382066276803119,
    "src_class_pct_spiral": 71.47286821705427,
    "tgt_class_pct_spiral": 77.97270955165692,
    "silhouette_score": 0.2241969108581543
  },
  "full": {
    "domain_auc": 0.9989820966407854,
    "domain_acc": 0.9821941412981046,
    "a_distance": 0.03561171740379088,
    "domain_auc_elliptical": 0.9936800526662278,
    "domain_auc_irregular": 0.9786217303822937,
    "domain_auc_spiral": 0.9960198027394109,
    "centroid_dist_elliptical": 0.7078531384468079,
    "centroid_dist_irregular": 0.8223832845687866,
    "centroid_dist_spiral": 0.590484619140625,
    "avg_centroid_distance": 0.7069070339202881,
    "src_var_elliptical": 0.0012302945833653212,
    "tgt_var_elliptical": 0.0009234647150151432,
    "src_var_irregular": 0.0012262777891010046,
    "tgt_var_irregular": 0.0007094051688909531,
    "src_var_spiral": 0.0007866269443184137,
    "tgt_var_spiral": 0.0007041345234028995,
    "src_class_pct_elliptical": 22.246287128712872,
    "tgt_class_pct_elliptical": 13.746105919003115,
    "src_class_pct_irregular": 6.435643564356436,
    "tgt_class_pct_irregular": 8.37227414330218,
    "src_class_pct_spiral": 71.3180693069307,
    "tgt_class_pct_spiral": 77.88161993769471,
    "silhouette_score": 0.21734338998794556
  }
}