{
  "src_acc": 0.7178294573643411,
  "src_macro_f1": 0.6237808664893336,
  "src_recalls": [
    0.9370629370629371,
    0.6585365853658537,
    0.6550976138828634
  ],
  "src_cm": [
    [
      134,
      6,
      3
    ],
    [
      6,
      27,
      8
    ],
    [
      79,
      80,
      302
    ]
  ],
  "src_ece": 0.04886068087215569,
  "src_roc_auc_macro": 0.9017047070064771,
  "src_roc_auc_weighted": 0.9256256187792105,
  "src_auprc_macro": 0.7397979482380124,
  "src_auprc_weighted": 0.9083761077870637
}