{
  "tgt_acc": 0.797270955165692,
  "tgt_macro_f1": 0.4541481588385903,
  "tgt_recalls": [
    0.12857142857142856,
    0.2558139534883721,
    0.9725
  ],
  "tgt_cm": [
    [
      9,
      36,
      25
    ],
    [
      1,
      11,
      31
    ],
    [
      2,
      9,
      389
    ]
  ],
  "tgt_ece": 0.08363249009115656,
  "tgt_roc_auc_macro": 0.8526976861773079,
  "tgt_roc_auc_weighted": 0.8822959430040856,
  "tgt_auprc_macro": 0.6073989222648042,
  "tgt_auprc_weighted": 0.8541671634736171
}