{
  "test": {
    "domain_auc": 0.6681414446120328,
    "domain_acc": 0.603448275862069,
    "a_distance": 0.7931034482758621,
    "domain_auc_elliptical": 0.7976190476190477,
    "domain_auc_irregular": 0.6213017751479291,
    "domain_auc_spiral": 0.6709804389312977,
    "centroid_dist_elliptical": 0.08859146386384964,
    "centroid_dist_irregular": 0.10807117819786072,
    "centroid_dist_spiral": 0.045675382018089294,
    "avg_centroid_distance": 0.08077933639287949,
    "src_var_elliptical": 6.025068796589039e-05,
    "tgt_var_elliptical": 6.258600478759035e-05,
    "src_var_irregular": 6.461958400905132e-05,
    "tgt_var_irregular": 6.98638687026687e-05,
    "src_var_spiral": 6.115283031249419e-05,
    "tgt_var_spiral": 6.120201578596607e-05,
    "src_class_pct_elliptical": 22.170542635658915,
    "tgt_class_pct_elliptical": 13.64522417153996,
    "src_class_pct_irregular": 6.3565891472868215,
    "tgt_class_pct_irregular": 8.382066276803119,
    "src_class_pct_spiral": 71.47286821705427,
    "tgt_class_pct_spiral": 77.97270955165692,
    "silhouette_score": 0.005843086633831263
  },
  "full": {
    "domain_auc": 0.8249126177325969,
    "domain_acc": 0.7007466973004021,
    "a_distance": 0.5985066053991959,
    "domain_auc_elliptical": 0.8051788457318412,
    "domain_auc_irregular": 0.7620724346076458,
    "domain_auc_spiral": 0.7739075424857902,
    "centroid_dist_elliptical": 0.09590417146682739,
    "centroid_dist_irregular": 0.09422939270734787,
    "centroid_dist_spiral": 0.05426332354545593,
    "avg_centroid_distance": 0.08146563172340393,
    "src_var_elliptical": 6.190143176354468e-05,
    "tgt_var_elliptical": 6.22626903350465e-05,
    "src_var_irregular": 6.542017217725515e-05,
    "tgt_var_irregular": 6.489260704256594e-05,
    "src_var_spiral": 6.137735181255266e-05,
    "tgt_var_spiral": 6.133098941063508e-05,
    "src_class_pct_elliptical": 22.246287128712872,
    "tgt_class_pct_elliptical": 13.746105919003115,
    "src_class_pct_irregular": 6.435643564356436,
    "tgt_class_pct_irregular": 8.37227414330218,
    "src_class_pct_spiral": 71.3180693069307,
    "tgt_class_pct_spiral": 77.88161993769471,
    "silhouette_score": 0.003661354770883918
  }
}