{
  "src_acc": 0.6124031007751938,
  "src_macro_f1": 0.5483975805519831,
  "src_recalls": [
    0.8881118881118881,
    0.5609756097560976,
    0.5314533622559653
  ],
  "src_cm": [
    [
      127,
      16,
      0
    ],
    [
      5,
      23,
      13
    ],
    [
      53,
      163,
      245
    ]
  ],
  "src_ece": 0.1517640394295833,
  "src_roc_auc_macro": 0.8357161795591924,
  "src_roc_auc_weighted": 0.87948489113163,
  "src_auprc_macro": 0.6503130849159166,
  "src_auprc_weighted": 0.8738404188345705
}