{
  "tgt_acc": 0.4152046783625731,
  "tgt_macro_f1": 0.41853196208913085,
  "tgt_recalls": [
    0.7428571428571429,
    0.5581395348837209,
    0.3425
  ],
  "tgt_cm": [
    [
      52,
      17,
      1
    ],
    [
      9,
      24,
      10
    ],
    [
      43,
      220,
      137
    ]
  ],
  "tgt_ece": 0.08979848869595147,
  "tgt_roc_auc_macro": 0.7405766132828558,
  "tgt_roc_auc_weighted": 0.7863534304788901,
  "tgt_auprc_macro": 0.5556617588567352,
  "tgt_auprc_weighted": 0.807646668023329
}