{
  "test": {
    "domain_auc": 0.5268979386626446,
    "domain_acc": 0.5632183908045977,
    "a_distance": 0.8735632183908046,
    "domain_auc_elliptical": 0.8333333333333334,
    "domain_auc_irregular": 0.8165680473372781,
    "domain_auc_spiral": 0.595718034351145,
    "centroid_dist_elliptical": 0.217339426279068,
    "centroid_dist_irregular": 0.4306313693523407,
    "centroid_dist_spiral": 0.013821396045386791,
    "avg_centroid_distance": 0.22059740126132965,
    "src_var_elliptical": 0.000980735057964921,
    "tgt_var_elliptical": 0.001177918747998774,
    "src_var_irregular": 0.000550293130800128,
    "tgt_var_irregular": 0.0007789436494931579,
    "src_var_spiral": 0.00046143835061229765,
    "tgt_var_spiral": 0.00047210761113092303,
    "src_class_pct_elliptical": 22.170542635658915,
    "tgt_class_pct_elliptical": 13.64522417153996,
    "src_class_pct_irregular": 6.3565891472868215,
    "tgt_class_pct_irregular": 8.382066276803119,
    "src_class_pct_spiral": 71.47286821705427,
    "tgt_class_pct_spiral": 77.97270955165692,
    "silhouette_score": -0.0006059883744455874
  },
  "full": {
    "domain_auc": 0.7101590223858695,
    "domain_acc": 0.562894887995405,
    "a_distance": 0.87421022400919,
    "domain_auc_elliptical": 0.8137371077463244,
    "domain_auc_irregular": 0.9046780684104628,
    "domain_auc_spiral": 0.7411002693402601,
    "centroid_dist_elliptical": 0.07210595905780792,
    "centroid_dist_irregular": 0.5822497010231018,
    "centroid_dist_spiral": 0.10263221710920334,
    "avg_centroid_distance": 0.2523292899131775,
    "src_var_elliptical": 0.0011355526512488723,
    "tgt_var_elliptical": 0.001197219593450427,
    "src_var_irregular": 0.0010471487184986472,
    "tgt_var_irregular": 0.0008043762063607574,
    "src_var_spiral": 0.0004531772865448147,
    "tgt_var_spiral": 0.0005178184946998954,
    "src_class_pct_elliptical": 22.246287128712872,
    "tgt_class_pct_elliptical": 13.746105919003115,
    "src_class_pct_irregular": 6.435643564356436,
    "tgt_class_pct_irregular": 8.37227414330218,
    "src_class_pct_spiral": 71.3180693069307,
    "tgt_class_pct_spiral": 77.88161993769471,
    "silhouette_score": 0.0009009663481265306
  }
}