{
  "src_acc": 0.8589147286821706,
  "src_macro_f1": 0.6241404275063198,
  "src_recalls": [
    0.8181818181818182,
    0.0975609756097561,
    0.9392624728850325
  ],
  "src_cm": [
    [
      117,
      2,
      24
    ],
    [
      8,
      4,
      29
    ],
    [
      20,
      8,
      433
    ]
  ],
  "src_ece": 0.114500569326933,
  "src_roc_auc_macro": 0.8424787191475455,
  "src_roc_auc_weighted": 0.8920135408430673,
  "src_auprc_macro": 0.6798149224660678,
  "src_auprc_weighted": 0.8759705262111505
}