{
  "tgt_acc": 0.8732943469785575,
  "tgt_macro_f1": 0.6255620660525415,
  "tgt_recalls": [
    1.0,
    0.09302325581395349,
    0.935
  ],
  "tgt_cm": [
    [
      70,
      0,
      0
    ],
    [
      22,
      4,
      17
    ],
    [
      14,
      12,
      374
    ]
  ],
  "tgt_ece": 0.10547499001374713,
  "tgt_roc_auc_macro": 0.8583719681246901,
  "tgt_roc_auc_weighted": 0.9175129094837434,
  "tgt_auprc_macro": 0.6595466917341518,
  "tgt_auprc_weighted": 0.8858345348492296
}