{
  "test": {
    "domain_auc": 0.5828724652254065,
    "domain_acc": 0.6264367816091954,
    "a_distance": 0.7471264367816093,
    "domain_auc_elliptical": 0.7911255411255412,
    "domain_auc_irregular": 0.7337278106508875,
    "domain_auc_spiral": 0.6185591603053435,
    "centroid_dist_elliptical": 0.08689406514167786,
    "centroid_dist_irregular": 0.17128834128379822,
    "centroid_dist_spiral": 0.03961523249745369,
    "avg_centroid_distance": 0.09926588088274002,
    "src_var_elliptical": 0.00035832959110848606,
    "tgt_var_elliptical": 0.00045856519136577845,
    "src_var_irregular": 0.00019339231948833913,
    "tgt_var_irregular": 0.0002594171673990786,
    "src_var_spiral": 0.0001018851253320463,
    "tgt_var_spiral": 8.714161231182516e-05,
    "src_class_pct_elliptical": 22.170542635658915,
    "tgt_class_pct_elliptical": 13.64522417153996,
    "src_class_pct_irregular": 6.3565891472868215,
    "tgt_class_pct_irregular": 8.382066276803119,
    "src_class_pct_spiral": 71.47286821705427,
    "tgt_class_pct_spiral": 77.97270955165692,
    "silhouette_score": 0.006860777735710144
  },
  "full": {
    "domain_auc": 0.7633007817711251,
    "domain_acc": 0.5703618609994257,
    "a_distance": 0.8592762780011487,
    "domain_auc_elliptical": 0.8118060127276717,
    "domain_auc_irregular": 0.9054325955734407,
    "domain_auc_spiral": 0.8803903996012615,
    "centroid_dist_elliptical": 0.039869192987680435,
    "centroid_dist_irregular": 0.34487372636795044,
    "centroid_dist_spiral": 0.018969731405377388,
    "avg_centroid_distance": 0.1345708817243576,
    "src_var_elliptical": 0.00042184084304608405,
    "tgt_var_elliptical": 0.00047362796613015234,
    "src_var_irregular": 0.00045939700794406235,
    "tgt_var_irregular": 0.0002505751035641879,
    "src_var_spiral": 7.746375922579318e-05,
    "tgt_var_spiral": 9.735271305544302e-05,
    "src_class_pct_elliptical": 22.246287128712872,
    "tgt_class_pct_elliptical": 13.746105919003115,
    "src_class_pct_irregular": 6.435643564356436,
    "tgt_class_pct_irregular": 8.37227414330218,
    "src_class_pct_spiral": 71.3180693069307,
    "tgt_class_pct_spiral": 77.88161993769471,
    "silhouette_score": 0.001683662412688136
  }
}