{
  "src_acc": 0.8542635658914729,
  "src_macro_f1": 0.6803060923928665,
  "src_recalls": [
    0.8601398601398601,
    0.2682926829268293,
    0.9045553145336226
  ],
  "src_cm": [
    [
      123,
      2,
      18
    ],
    [
      7,
      11,
      23
    ],
    [
      29,
      15,
      417
    ]
  ],
  "src_ece": 0.06523134209388906,
  "src_roc_auc_macro": 0.8870402613362355,
  "src_roc_auc_weighted": 0.9144955894930957,
  "src_auprc_macro": 0.7032087109927302,
  "src_auprc_weighted": 0.8985960268699289
}