{
  "tgt_acc": 0.8752436647173489,
  "tgt_macro_f1": 0.6209914611747847,
  "tgt_recalls": [
    0.9285714285714286,
    0.09302325581395349,
    0.95
  ],
  "tgt_cm": [
    [
      65,
      1,
      4
    ],
    [
      22,
      4,
      17
    ],
    [
      11,
      9,
      380
    ]
  ],
  "tgt_ece": 0.09782328673041119,
  "tgt_roc_auc_macro": 0.8809039318771493,
  "tgt_roc_auc_weighted": 0.9321856579357879,
  "tgt_auprc_macro": 0.6921886376444985,
  "tgt_auprc_weighted": 0.9013398454429008
}