{
  "test": {
    "domain_auc": 0.9857214680744092,
    "domain_acc": 0.9310344827586207,
    "a_distance": 0.13793103448275867,
    "sinkhorn_div": 0.06813954561948776,
    "domain_auc_elliptical": 0.9826839826839827,
    "domain_auc_irregular": 0.9822485207100592,
    "domain_auc_spiral": 0.9648735687022901,
    "centroid_dist_elliptical": 0.364980548620224,
    "centroid_dist_irregular": 0.15987996757030487,
    "centroid_dist_spiral": 0.2754180431365967,
    "avg_centroid_distance": 0.2667595148086548,
    "src_var_elliptical": 0.0025927014648914337,
    "tgt_var_elliptical": 0.0015028268098831177,
    "src_var_irregular": 0.0013468856923282146,
    "tgt_var_irregular": 0.0016407525399699807,
    "src_var_spiral": 0.0013195669744163752,
    "tgt_var_spiral": 0.0017746459925547242,
    "src_class_pct_elliptical": 22.170542635658915,
    "tgt_class_pct_elliptical": 13.64522417153996,
    "src_class_pct_irregular": 6.3565891472868215,
    "tgt_class_pct_irregular": 8.382066276803119,
    "src_class_pct_spiral": 71.47286821705427,
    "tgt_class_pct_spiral": 77.97270955165692,
    "silhouette_score": 0.1393609493970871
  },
  "full": {
    "domain_auc": 0.9997078363883775,
    "domain_acc": 0.9902354968408961,
    "a_distance": 0.019529006318207864,
    "sinkhorn_div": 0.06504727154970169,
    "domain_auc_elliptical": 0.9874039938556068,
    "domain_auc_irregular": 0.9562374245472838,
    "domain_auc_spiral": 0.9975342426362755,
    "centroid_dist_elliptical": 0.3928568959236145,
    "centroid_dist_irregular": 0.2058369666337967,
    "centroid_dist_spiral": 0.2569051682949066,
    "avg_centroid_distance": 0.28519967198371887,
    "src_var_elliptical": 0.0026406424585729837,
    "tgt_var_elliptical": 0.0014058861415833235,
    "src_var_irregular": 0.0012360495747998357,
    "tgt_var_irregular": 0.0016635492211207747,
    "src_var_spiral": 0.001302689197473228,
    "tgt_var_spiral": 0.0017615901306271553,
    "src_class_pct_elliptical": 22.246287128712872,
    "tgt_class_pct_elliptical": 13.746105919003115,
    "src_class_pct_irregular": 6.435643564356436,
    "tgt_class_pct_irregular": 8.37227414330218,
    "src_class_pct_spiral": 71.3180693069307,
    "tgt_class_pct_spiral": 77.88161993769471,
    "silhouette_score": 0.13319404423236847
  }
}