{
  "src_acc": 0.7116279069767442,
  "src_macro_f1": 0.548516256724088,
  "src_recalls": [
    0.8391608391608392,
    0.1951219512195122,
    0.7180043383947939
  ],
  "src_cm": [
    [
      120,
      7,
      16
    ],
    [
      9,
      8,
      24
    ],
    [
      60,
      70,
      331
    ]
  ],
  "src_ece": 0.16774266810380212,
  "src_roc_auc_macro": 0.8346276089455884,
  "src_roc_auc_weighted": 0.8689864126972202,
  "src_auprc_macro": 0.6403895725362152,
  "src_auprc_weighted": 0.8606310329718935
}