{
  "tgt_acc": 0.8167641325536062,
  "tgt_macro_f1": 0.5280165966737238,
  "tgt_recalls": [
    0.2857142857142857,
    0.23255813953488372,
    0.9725
  ],
  "tgt_cm": [
    [
      20,
      16,
      34
    ],
    [
      5,
      10,
      28
    ],
    [
      1,
      10,
      389
    ]
  ],
  "tgt_ece": 0.27297970071638306,
  "tgt_roc_auc_macro": 0.7025783785248626,
  "tgt_roc_auc_weighted": 0.7513615951343398,
  "tgt_auprc_macro": 0.5574958323517026,
  "tgt_auprc_weighted": 0.7830727793733171
}