{
  "test": {
    "domain_auc": 0.7767052119993296,
    "domain_acc": 0.6666666666666666,
    "a_distance": 0.6666666666666667,
    "domain_auc_elliptical": 0.933982683982684,
    "domain_auc_irregular": 0.9349112426035503,
    "domain_auc_spiral": 0.900822996183206,
    "centroid_dist_elliptical": 0.12815165519714355,
    "centroid_dist_irregular": 0.07739275693893433,
    "centroid_dist_spiral": 0.0422203466296196,
    "avg_centroid_distance": 0.08258825540542603,
    "src_var_elliptical": 0.0013580291997641325,
    "tgt_var_elliptical": 0.0007782256579957902,
    "src_var_irregular": 0.0005186086054891348,
    "tgt_var_irregular": 0.0005021508550271392,
    "src_var_spiral": 0.0005216816789470613,
    "tgt_var_spiral": 0.00038185142329894006,
    "src_class_pct_elliptical": 22.170542635658915,
    "tgt_class_pct_elliptical": 13.64522417153996,
    "src_class_pct_irregular": 6.3565891472868215,
    "tgt_class_pct_irregular": 8.382066276803119,
    "src_class_pct_spiral": 71.47286821705427,
    "tgt_class_pct_spiral": 77.97270955165692,
    "silhouette_score": 0.021033288910984993
  },
  "full": {
    "domain_auc": 0.9601350089383388,
    "domain_acc": 0.8816771970132108,
    "a_distance": 0.23664560597357842,
    "domain_auc_elliptical": 0.9617292078121571,
    "domain_auc_irregular": 0.948943661971831,
    "domain_auc_spiral": 0.9447181512331183,
    "centroid_dist_elliptical": 0.15241432189941406,
    "centroid_dist_irregular": 0.1135719045996666,
    "centroid_dist_spiral": 0.042557504028081894,
    "avg_centroid_distance": 0.10284791141748428,
    "src_var_elliptical": 0.0014493702910840511,
    "tgt_var_elliptical": 0.0007239291444420815,
    "src_var_irregular": 0.0005999230197630823,
    "tgt_var_irregular": 0.0004778130678460002,
    "src_var_spiral": 0.000496240216307342,
    "tgt_var_spiral": 0.00039561736048199236,
    "src_class_pct_elliptical": 22.246287128712872,
    "tgt_class_pct_elliptical": 13.746105919003115,
    "src_class_pct_irregular": 6.435643564356436,
    "tgt_class_pct_irregular": 8.37227414330218,
    "src_class_pct_spiral": 71.3180693069307,
    "tgt_class_pct_spiral": 77.88161993769471,
    "silhouette_score": 0.01859719678759575
  }
}