{
  "src_acc": 0.8496124031007752,
  "src_macro_f1": 0.6669559453039997,
  "src_recalls": [
    0.8531468531468531,
    0.21951219512195122,
    0.9045553145336226
  ],
  "src_cm": [
    [
      122,
      3,
      18
    ],
    [
      5,
      9,
      27
    ],
    [
      38,
      6,
      417
    ]
  ],
  "src_ece": 0.025638827519823427,
  "src_roc_auc_macro": 0.898270978314483,
  "src_roc_auc_weighted": 0.9195285680634611,
  "src_auprc_macro": 0.7317696390693396,
  "src_auprc_weighted": 0.9065918778218464
}