{
  "tgt_acc": 0.7914230019493177,
  "tgt_macro_f1": 0.47224417990044104,
  "tgt_recalls": [
    0.22857142857142856,
    0.13953488372093023,
    0.96
  ],
  "tgt_cm": [
    [
      16,
      2,
      52
    ],
    [
      3,
      6,
      34
    ],
    [
      5,
      11,
      384
    ]
  ],
  "tgt_ece": 0.09342362047636021,
  "tgt_roc_auc_macro": 0.7561126717107963,
  "tgt_roc_auc_weighted": 0.7634893301123452,
  "tgt_auprc_macro": 0.5443969004988517,
  "tgt_auprc_weighted": 0.7878822983074287
}