{
  "test": {
    "domain_auc": 0.8432378079436904,
    "domain_acc": 0.6982758620689655,
    "a_distance": 0.603448275862069,
    "domain_auc_elliptical": 0.906926406926407,
    "domain_auc_irregular": 0.7928994082840236,
    "domain_auc_spiral": 0.8360567748091603,
    "centroid_dist_elliptical": 0.19565120339393616,
    "centroid_dist_irregular": 0.10154473781585693,
    "centroid_dist_spiral": 0.08178213238716125,
    "avg_centroid_distance": 0.12632602453231812,
    "src_var_elliptical": 0.002005284419283271,
    "tgt_var_elliptical": 0.0009020694415085018,
    "src_var_irregular": 0.0006935240235179663,
    "tgt_var_irregular": 0.0007265117601491511,
    "src_var_spiral": 0.0007661767886020243,
    "tgt_var_spiral": 0.0003942688927054405,
    "src_class_pct_elliptical": 22.170542635658915,
    "tgt_class_pct_elliptical": 13.64522417153996,
    "src_class_pct_irregular": 6.3565891472868215,
    "tgt_class_pct_irregular": 8.382066276803119,
    "src_class_pct_spiral": 71.47286821705427,
    "tgt_class_pct_spiral": 77.97270955165692,
    "silhouette_score": 0.03681653365492821
  },
  "full": {
    "domain_auc": 0.9571693481683077,
    "domain_acc": 0.897185525560023,
    "a_distance": 0.2056289488799541,
    "domain_auc_elliptical": 0.9011191573403554,
    "domain_auc_irregular": 0.9242957746478873,
    "domain_auc_spiral": 0.9063515417573255,
    "centroid_dist_elliptical": 0.21691688895225525,
    "centroid_dist_irregular": 0.11638791859149933,
    "centroid_dist_spiral": 0.08732184022665024,
    "avg_centroid_distance": 0.1402088850736618,
    "src_var_elliptical": 0.002086753724142909,
    "tgt_var_elliptical": 0.0008441595127806067,
    "src_var_irregular": 0.0007267186883836985,
    "tgt_var_irregular": 0.0006072813412174582,
    "src_var_spiral": 0.0007347857463173568,
    "tgt_var_spiral": 0.0004058127524331212,
    "src_class_pct_elliptical": 22.246287128712872,
    "tgt_class_pct_elliptical": 13.746105919003115,
    "src_class_pct_irregular": 6.435643564356436,
    "tgt_class_pct_irregular": 8.37227414330218,
    "src_class_pct_spiral": 71.3180693069307,
    "tgt_class_pct_spiral": 77.88161993769471,
    "silhouette_score": 0.03436931222677231
  }
}