{
  "src_acc": 0.7798449612403101,
  "src_macro_f1": 0.6403792640699462,
  "src_recalls": [
    0.7902097902097902,
    0.4878048780487805,
    0.8026030368763557
  ],
  "src_cm": [
    [
      113,
      22,
      8
    ],
    [
      3,
      20,
      18
    ],
    [
      33,
      58,
      370
    ]
  ],
  "src_ece": 0.07295398166937421,
  "src_roc_auc_macro": 0.8827721121098699,
  "src_roc_auc_weighted": 0.9133146913347687,
  "src_auprc_macro": 0.6881168580915825,
  "src_auprc_weighted": 0.8931363839513317
}