{
  "tgt_acc": 0.682261208576998,
  "tgt_macro_f1": 0.4577940577940578,
  "tgt_recalls": [
    0.2571428571428571,
    0.27906976744186046,
    0.8
  ],
  "tgt_cm": [
    [
      18,
      35,
      17
    ],
    [
      3,
      12,
      28
    ],
    [
      0,
      80,
      320
    ]
  ],
  "tgt_ece": 0.10078977562530698,
  "tgt_roc_auc_macro": 0.6745358372716433,
  "tgt_roc_auc_weighted": 0.7305250964742529,
  "tgt_auprc_macro": 0.5270971546380873,
  "tgt_auprc_weighted": 0.7604150775697556
}