{
  "test": {
    "domain_auc": 0.5065527065527065,
    "domain_acc": 0.5603448275862069,
    "a_distance": 0.8793103448275863,
    "domain_auc_elliptical": 0.8766233766233766,
    "domain_auc_irregular": 0.6153846153846154,
    "domain_auc_spiral": 0.5783635496183207,
    "centroid_dist_elliptical": 0.11112567782402039,
    "centroid_dist_irregular": 0.150368794798851,
    "centroid_dist_spiral": 0.016185730695724487,
    "avg_centroid_distance": 0.0925600603222847,
    "src_var_elliptical": 0.0006095269345678389,
    "tgt_var_elliptical": 0.0007014527218416333,
    "src_var_irregular": 0.0002890813339035958,
    "tgt_var_irregular": 0.000472584564704448,
    "src_var_spiral": 9.615367162041366e-05,
    "tgt_var_spiral": 0.00010103998647537082,
    "src_class_pct_elliptical": 22.170542635658915,
    "tgt_class_pct_elliptical": 13.64522417153996,
    "src_class_pct_irregular": 6.3565891472868215,
    "tgt_class_pct_irregular": 8.382066276803119,
    "src_class_pct_spiral": 71.47286821705427,
    "tgt_class_pct_spiral": 77.97270955165692,
    "silhouette_score": 0.003313209628686309
  },
  "full": {
    "domain_auc": 0.6489367379065611,
    "domain_acc": 0.5519816197587594,
    "a_distance": 0.8960367604824813,
    "domain_auc_elliptical": 0.6115426815887646,
    "domain_auc_irregular": 0.9187625754527162,
    "domain_auc_spiral": 0.5343504682303098,
    "centroid_dist_elliptical": 0.12697656452655792,
    "centroid_dist_irregular": 0.2961926758289337,
    "centroid_dist_spiral": 0.049515500664711,
    "avg_centroid_distance": 0.15756158530712128,
    "src_var_elliptical": 0.0006949499365873635,
    "tgt_var_elliptical": 0.0006994490977376699,
    "src_var_irregular": 0.0005907504237256944,
    "tgt_var_irregular": 0.00043145022937096655,
    "src_var_spiral": 5.189737566979602e-05,
    "tgt_var_spiral": 0.00011565462773432955,
    "src_class_pct_elliptical": 22.246287128712872,
    "tgt_class_pct_elliptical": 13.746105919003115,
    "src_class_pct_irregular": 6.435643564356436,
    "tgt_class_pct_irregular": 8.37227414330218,
    "src_class_pct_spiral": 71.3180693069307,
    "tgt_class_pct_spiral": 77.88161993769471,
    "silhouette_score": -0.0001932760060299188
  }
}