{
  "src_acc": 0.8697674418604651,
  "src_macro_f1": 0.6752030539311241,
  "src_recalls": [
    0.8321678321678322,
    0.1951219512195122,
    0.9414316702819957
  ],
  "src_cm": [
    [
      119,
      2,
      22
    ],
    [
      5,
      8,
      28
    ],
    [
      21,
      6,
      434
    ]
  ],
  "src_ece": 0.10424384525580001,
  "src_roc_auc_macro": 0.8734678082889934,
  "src_roc_auc_weighted": 0.9154723518157263,
  "src_auprc_macro": 0.7210137860120497,
  "src_auprc_weighted": 0.9028849671264818
}