{
  "tgt_acc": 0.8362573099415205,
  "tgt_macro_f1": 0.5605784223501455,
  "tgt_recalls": [
    0.6857142857142857,
    0.11627906976744186,
    0.94
  ],
  "tgt_cm": [
    [
      48,
      22,
      0
    ],
    [
      21,
      5,
      17
    ],
    [
      23,
      1,
      376
    ]
  ],
  "tgt_ece": 0.14749316246653624,
  "tgt_roc_auc_macro": 0.8710609359604851,
  "tgt_roc_auc_weighted": 0.917964699626321,
  "tgt_auprc_macro": 0.5880854756770656,
  "tgt_auprc_weighted": 0.8580598226245026
}