{
  "src_acc": 0.7348837209302326,
  "src_macro_f1": 0.6070339038724509,
  "src_recalls": [
    0.8041958041958042,
    0.4634146341463415,
    0.737527114967462
  ],
  "src_cm": [
    [
      115,
      13,
      15
    ],
    [
      4,
      19,
      18
    ],
    [
      43,
      78,
      340
    ]
  ],
  "src_ece": 0.06123161704041238,
  "src_roc_auc_macro": 0.8365393522006256,
  "src_roc_auc_weighted": 0.849348074503469,
  "src_auprc_macro": 0.6685749176044488,
  "src_auprc_weighted": 0.8580305811816605
}