{
  "tgt_acc": 0.5341130604288499,
  "tgt_macro_f1": 0.4647754137115839,
  "tgt_recalls": [
    0.6,
    0.3488372093023256,
    0.5425
  ],
  "tgt_cm": [
    [
      42,
      13,
      15
    ],
    [
      9,
      15,
      19
    ],
    [
      19,
      164,
      217
    ]
  ],
  "tgt_ece": 0.15199214812607792,
  "tgt_roc_auc_macro": 0.6463066058818343,
  "tgt_roc_auc_weighted": 0.6496113883034137,
  "tgt_auprc_macro": 0.518004985171515,
  "tgt_auprc_weighted": 0.7438423415841655
}