{
  "test": {
    "domain_auc": 0.5496899614546673,
    "domain_acc": 0.5603448275862069,
    "a_distance": 0.8793103448275863,
    "domain_auc_elliptical": 0.7196969696969696,
    "domain_auc_irregular": 0.6923076923076923,
    "domain_auc_spiral": 0.6454556297709925,
    "centroid_dist_elliptical": 0.07542138546705246,
    "centroid_dist_irregular": 0.1681346893310547,
    "centroid_dist_spiral": 0.010318715125322342,
    "avg_centroid_distance": 0.08462493866682053,
    "src_var_elliptical": 0.00017626553017180413,
    "tgt_var_elliptical": 0.00022690535115543753,
    "src_var_irregular": 7.600825483677909e-05,
    "tgt_var_irregular": 0.00013926126121077687,
    "src_var_spiral": 5.9539823269005865e-05,
    "tgt_var_spiral": 7.103238021954894e-05,
    "src_class_pct_elliptical": 22.170542635658915,
    "tgt_class_pct_elliptical": 13.64522417153996,
    "src_class_pct_irregular": 6.3565891472868215,
    "tgt_class_pct_irregular": 8.382066276803119,
    "src_class_pct_spiral": 71.47286821705427,
    "tgt_class_pct_spiral": 77.97270955165692,
    "silhouette_score": 0.005072661209851503
  },
  "full": {
    "domain_auc": 0.7311321006430267,
    "domain_acc": 0.5519816197587594,
    "a_distance": 0.8960367604824813,
    "domain_auc_elliptical": 0.6973447443493526,
    "domain_auc_irregular": 0.863682092555332,
    "domain_auc_spiral": 0.6166813637627122,
    "centroid_dist_elliptical": 0.0197638887912035,
    "centroid_dist_irregular": 0.2676774263381958,
    "centroid_dist_spiral": 0.04111270606517792,
    "avg_centroid_distance": 0.10951801389455795,
    "src_var_elliptical": 0.0002192904066760093,
    "tgt_var_elliptical": 0.0002321257343282923,
    "src_var_irregular": 0.00028354895766824484,
    "tgt_var_irregular": 0.00016911484999582171,
    "src_var_spiral": 5.909171522944234e-05,
    "tgt_var_spiral": 8.177054405678064e-05,
    "src_class_pct_elliptical": 22.246287128712872,
    "tgt_class_pct_elliptical": 13.746105919003115,
    "src_class_pct_irregular": 6.435643564356436,
    "tgt_class_pct_irregular": 8.37227414330218,
    "src_class_pct_spiral": 71.3180693069307,
    "tgt_class_pct_spiral": 77.88161993769471,
    "silhouette_score": -0.00012280954979360104
  }
}