{
  "src_acc": 0.8713178294573644,
  "src_macro_f1": 0.6266959172502721,
  "src_recalls": [
    0.8391608391608392,
    0.07317073170731707,
    0.9522776572668112
  ],
  "src_cm": [
    [
      120,
      1,
      22
    ],
    [
      6,
      3,
      32
    ],
    [
      16,
      6,
      439
    ]
  ],
  "src_ece": 0.06790274658868481,
  "src_roc_auc_macro": 0.8604660758083834,
  "src_roc_auc_weighted": 0.9040713959105867,
  "src_auprc_macro": 0.6931302224673916,
  "src_auprc_weighted": 0.8902200815936272
}