{
  "tgt_acc": 0.8499025341130604,
  "tgt_macro_f1": 0.586892810141541,
  "tgt_recalls": [
    0.9571428571428572,
    0.046511627906976744,
    0.9175
  ],
  "tgt_cm": [
    [
      67,
      0,
      3
    ],
    [
      23,
      2,
      18
    ],
    [
      15,
      18,
      367
    ]
  ],
  "tgt_ece": 0.1351722119844448,
  "tgt_roc_auc_macro": 0.8573940321689933,
  "tgt_roc_auc_weighted": 0.9103467183328624,
  "tgt_auprc_macro": 0.6335396408560531,
  "tgt_auprc_weighted": 0.866716083086204
}