{
  "test": {
    "domain_auc": 0.9865929277693984,
    "domain_acc": 0.9166666666666666,
    "a_distance": 0.16666666666666674,
    "domain_auc_elliptical": 0.9577922077922078,
    "domain_auc_irregular": 0.591715976331361,
    "domain_auc_spiral": 0.9535424618320612,
    "centroid_dist_elliptical": 0.30243897438049316,
    "centroid_dist_irregular": 0.22961102426052094,
    "centroid_dist_spiral": 0.17844566702842712,
    "avg_centroid_distance": 0.2368319034576416,
    "src_var_elliptical": 0.00014202596503309906,
    "tgt_var_elliptical": 0.00014485491556115448,
    "src_var_irregular": 0.00014839821960777044,
    "tgt_var_irregular": 0.00014760586782358587,
    "src_var_spiral": 0.00015109733794815838,
    "tgt_var_spiral": 0.00014944918802939355,
    "src_class_pct_elliptical": 22.170542635658915,
    "tgt_class_pct_elliptical": 13.64522417153996,
    "src_class_pct_irregular": 6.3565891472868215,
    "tgt_class_pct_irregular": 8.382066276803119,
    "src_class_pct_spiral": 71.47286821705427,
    "tgt_class_pct_spiral": 77.97270955165692,
    "silhouette_score": 0.009079945273697376
  },
  "full": {
    "domain_auc": 0.9971410656634382,
    "domain_acc": 0.9712808730614589,
    "a_distance": 0.057438253877082124,
    "domain_auc_elliptical": 0.9842879087118719,
    "domain_auc_irregular": 0.909456740442656,
    "domain_auc_spiral": 0.9954351139184694,
    "centroid_dist_elliptical": 0.2880013585090637,
    "centroid_dist_irregular": 0.19352160394191742,
    "centroid_dist_spiral": 0.18087710440158844,
    "avg_centroid_distance": 0.2208000272512436,
    "src_var_elliptical": 0.00014149112394079566,
    "tgt_var_elliptical": 0.0001448251714464277,
    "src_var_irregular": 0.00014654893311671913,
    "tgt_var_irregular": 0.00014786762767471373,
    "src_var_spiral": 0.0001513120369054377,
    "tgt_var_spiral": 0.00014947289309930056,
    "src_class_pct_elliptical": 22.246287128712872,
    "tgt_class_pct_elliptical": 13.746105919003115,
    "src_class_pct_irregular": 6.435643564356436,
    "tgt_class_pct_irregular": 8.37227414330218,
    "src_class_pct_spiral": 71.3180693069307,
    "tgt_class_pct_spiral": 77.88161993769471,
    "silhouette_score": 0.00857655517756939
  }
}