{
  "src_acc": 0.7705426356589147,
  "src_macro_f1": 0.5945040806398704,
  "src_recalls": [
    0.8951048951048951,
    0.21951219512195122,
    0.7809110629067245
  ],
  "src_cm": [
    [
      128,
      6,
      9
    ],
    [
      8,
      9,
      24
    ],
    [
      70,
      31,
      360
    ]
  ],
  "src_ece": 0.04372618184533233,
  "src_roc_auc_macro": 0.8303495082406253,
  "src_roc_auc_weighted": 0.8710300702519408,
  "src_auprc_macro": 0.6456926409637106,
  "src_auprc_weighted": 0.8684285212410751
}