{
  "tgt_acc": 0.5847953216374269,
  "tgt_macro_f1": 0.46491195506285793,
  "tgt_recalls": [
    0.7428571428571429,
    0.18604651162790697,
    0.6
  ],
  "tgt_cm": [
    [
      52,
      3,
      15
    ],
    [
      12,
      8,
      23
    ],
    [
      41,
      119,
      240
    ]
  ],
  "tgt_ece": 0.10065830956425581,
  "tgt_roc_auc_macro": 0.6612000956646422,
  "tgt_roc_auc_weighted": 0.686961678198035,
  "tgt_auprc_macro": 0.523219698385663,
  "tgt_auprc_weighted": 0.7637161615405517
}