{
  "test": {
    "domain_auc": 0.5072230601642367,
    "domain_acc": 0.5603448275862069,
    "a_distance": 0.8793103448275863,
    "domain_auc_elliptical": 0.8809523809523809,
    "domain_auc_irregular": 0.727810650887574,
    "domain_auc_spiral": 0.5632156488549619,
    "centroid_dist_elliptical": 0.04180581495165825,
    "centroid_dist_irregular": 0.10393819212913513,
    "centroid_dist_spiral": 0.01004573330283165,
    "avg_centroid_distance": 0.05192991718649864,
    "src_var_elliptical": 0.0001693640515441075,
    "tgt_var_elliptical": 0.00019727014296222478,
    "src_var_irregular": 0.00010011916310759261,
    "tgt_var_irregular": 0.00015899402205832303,
    "src_var_spiral": 4.765107587445527e-05,
    "tgt_var_spiral": 4.543616887531243e-05,
    "src_class_pct_elliptical": 22.170542635658915,
    "tgt_class_pct_elliptical": 13.64522417153996,
    "src_class_pct_irregular": 6.3565891472868215,
    "tgt_class_pct_irregular": 8.382066276803119,
    "src_class_pct_spiral": 71.47286821705427,
    "tgt_class_pct_spiral": 77.97270955165692,
    "silhouette_score": 0.0025371196679770947
  },
  "full": {
    "domain_auc": 0.6305611142239654,
    "domain_acc": 0.5519816197587594,
    "a_distance": 0.8960367604824813,
    "domain_auc_elliptical": 0.8133421110379635,
    "domain_auc_irregular": 0.8767605633802816,
    "domain_auc_spiral": 0.552569276040219,
    "centroid_dist_elliptical": 0.010520757175981998,
    "centroid_dist_irregular": 0.21701683104038239,
    "centroid_dist_spiral": 0.01980370469391346,
    "avg_centroid_distance": 0.0824470967054367,
    "src_var_elliptical": 0.00018912000814452767,
    "tgt_var_elliptical": 0.00019610175513662398,
    "src_var_irregular": 0.00027126941131427884,
    "tgt_var_irregular": 0.00015523382171522826,
    "src_var_spiral": 3.5927674616687e-05,
    "tgt_var_spiral": 5.4229873057920486e-05,
    "src_class_pct_elliptical": 22.246287128712872,
    "tgt_class_pct_elliptical": 13.746105919003115,
    "src_class_pct_irregular": 6.435643564356436,
    "tgt_class_pct_irregular": 8.37227414330218,
    "src_class_pct_spiral": 71.3180693069307,
    "tgt_class_pct_spiral": 77.88161993769471,
    "silhouette_score": -0.0024224165827035904
  }
}