{
  "src_acc": 0.8775193798449612,
  "src_macro_f1": 0.6857125823877742,
  "src_recalls": [
    0.8881118881118881,
    0.1951219512195122,
    0.9349240780911063
  ],
  "src_cm": [
    [
      127,
      1,
      15
    ],
    [
      5,
      8,
      28
    ],
    [
      24,
      6,
      431
    ]
  ],
  "src_ece": 0.1019788464372472,
  "src_roc_auc_macro": 0.8692846690864822,
  "src_roc_auc_weighted": 0.9028661398618135,
  "src_auprc_macro": 0.6915801689536504,
  "src_auprc_weighted": 0.8778527150938711
}