{
  "tgt_acc": 0.8791423001949318,
  "tgt_macro_f1": 0.6273717512810731,
  "tgt_recalls": [
    1.0,
    0.09302325581395349,
    0.9425
  ],
  "tgt_cm": [
    [
      70,
      0,
      0
    ],
    [
      25,
      4,
      14
    ],
    [
      12,
      11,
      377
    ]
  ],
  "tgt_ece": 0.10875722074601614,
  "tgt_roc_auc_macro": 0.8306217954159725,
  "tgt_roc_auc_weighted": 0.9101966148361839,
  "tgt_auprc_macro": 0.6049042714291487,
  "tgt_auprc_weighted": 0.8661444086451681
}