{
  "test": {
    "domain_auc": 0.999865929277694,
    "domain_acc": 0.9942528735632183,
    "a_distance": 0.011494252873563315,
    "domain_auc_elliptical": 1.0,
    "domain_auc_irregular": 0.9053254437869822,
    "domain_auc_spiral": 0.9990458015267176,
    "centroid_dist_elliptical": 0.4625723659992218,
    "centroid_dist_irregular": 0.3182905912399292,
    "centroid_dist_spiral": 0.34239456057548523,
    "avg_centroid_distance": 0.3744191825389862,
    "src_var_elliptical": 0.00013544163084588945,
    "tgt_var_elliptical": 0.00011084435391239822,
    "src_var_irregular": 0.00013301771832630038,
    "tgt_var_irregular": 0.0001162200715043582,
    "src_var_spiral": 0.00013542499800678343,
    "tgt_var_spiral": 0.00010884152288781479,
    "src_class_pct_elliptical": 22.170542635658915,
    "tgt_class_pct_elliptical": 13.64522417153996,
    "src_class_pct_irregular": 6.3565891472868215,
    "tgt_class_pct_irregular": 8.382066276803119,
    "src_class_pct_spiral": 71.47286821705427,
    "tgt_class_pct_spiral": 77.97270955165692,
    "silhouette_score": 0.051489368081092834
  },
  "full": {
    "domain_auc": 0.9994370180634489,
    "domain_acc": 0.9913842619184376,
    "a_distance": 0.017231476163124704,
    "domain_auc_elliptical": 0.9998244459073953,
    "domain_auc_irregular": 0.9929577464788732,
    "domain_auc_spiral": 0.9998682053887222,
    "centroid_dist_elliptical": 0.46646493673324585,
    "centroid_dist_irregular": 0.3150843381881714,
    "centroid_dist_spiral": 0.33251845836639404,
    "avg_centroid_distance": 0.37135592103004456,
    "src_var_elliptical": 0.0001352065592072904,
    "tgt_var_elliptical": 0.0001095251354854554,
    "src_var_irregular": 0.0001331396197201684,
    "tgt_var_irregular": 0.00011605053441599011,
    "src_var_spiral": 0.00013536498590838164,
    "tgt_var_spiral": 0.00010883066715905443,
    "src_class_pct_elliptical": 22.246287128712872,
    "tgt_class_pct_elliptical": 13.746105919003115,
    "src_class_pct_irregular": 6.435643564356436,
    "tgt_class_pct_irregular": 8.37227414330218,
    "src_class_pct_spiral": 71.3180693069307,
    "tgt_class_pct_spiral": 77.88161993769471,
    "silhouette_score": 0.050214722752571106
  }
}