{
  "src_acc": 0.8124031007751938,
  "src_macro_f1": 0.6406250731369629,
  "src_recalls": [
    0.916083916083916,
    0.24390243902439024,
    0.8308026030368764
  ],
  "src_cm": [
    [
      131,
      2,
      10
    ],
    [
      5,
      10,
      26
    ],
    [
      58,
      20,
      383
    ]
  ],
  "src_ece": 0.03884333450664845,
  "src_roc_auc_macro": 0.8687965811634558,
  "src_roc_auc_weighted": 0.8923478305688581,
  "src_auprc_macro": 0.6808371412139249,
  "src_auprc_weighted": 0.8831361206300491
}