{
  "tgt_acc": 0.5516569200779727,
  "tgt_macro_f1": 0.45198292516018834,
  "tgt_recalls": [
    0.5428571428571428,
    0.3023255813953488,
    0.58
  ],
  "tgt_cm": [
    [
      38,
      9,
      23
    ],
    [
      8,
      13,
      22
    ],
    [
      23,
      145,
      232
    ]
  ],
  "tgt_ece": 0.22046843182738524,
  "tgt_roc_auc_macro": 0.630970923891698,
  "tgt_roc_auc_weighted": 0.6208501781758419,
  "tgt_auprc_macro": 0.474826964986383,
  "tgt_auprc_weighted": 0.7192670993775552
}