{
  "test": {
    "domain_auc": 0.4944863415451651,
    "domain_acc": 0.5603448275862069,
    "a_distance": 0.8793103448275863,
    "domain_auc_elliptical": 0.7012987012987013,
    "domain_auc_irregular": 0.7988165680473374,
    "domain_auc_spiral": 0.5879651717557252,
    "centroid_dist_elliptical": 0.16692979633808136,
    "centroid_dist_irregular": 0.45966753363609314,
    "centroid_dist_spiral": 0.020901111885905266,
    "avg_centroid_distance": 0.21583281457424164,
    "src_var_elliptical": 0.0015196158783510327,
    "tgt_var_elliptical": 0.0016329704085364938,
    "src_var_irregular": 0.0006691981689073145,
    "tgt_var_irregular": 0.0012714553158730268,
    "src_var_spiral": 0.0003379235276952386,
    "tgt_var_spiral": 0.0003424874448683113,
    "src_class_pct_elliptical": 22.170542635658915,
    "tgt_class_pct_elliptical": 13.64522417153996,
    "src_class_pct_irregular": 6.3565891472868215,
    "tgt_class_pct_irregular": 8.382066276803119,
    "src_class_pct_spiral": 71.47286821705427,
    "tgt_class_pct_spiral": 77.97270955165692,
    "silhouette_score": -0.0010142639512196183
  },
  "full": {
    "domain_auc": 0.5419381520318045,
    "domain_acc": 0.5651924181504883,
    "a_distance": 0.8696151636990235,
    "domain_auc_elliptical": 0.7041913539609392,
    "domain_auc_irregular": 0.9144869215291751,
    "domain_auc_spiral": 0.601477058152575,
    "centroid_dist_elliptical": 0.12249874323606491,
    "centroid_dist_irregular": 0.7339933514595032,
    "centroid_dist_spiral": 0.09255537390708923,
    "avg_centroid_distance": 0.3163491487503052,
    "src_var_elliptical": 0.0016566705889999866,
    "tgt_var_elliptical": 0.0016476530581712723,
    "src_var_irregular": 0.001432662014849484,
    "tgt_var_irregular": 0.0011989012127742171,
    "src_var_spiral": 0.00022786545741837472,
    "tgt_var_spiral": 0.0003948806843254715,
    "src_class_pct_elliptical": 22.246287128712872,
    "tgt_class_pct_elliptical": 13.746105919003115,
    "src_class_pct_irregular": 6.435643564356436,
    "tgt_class_pct_irregular": 8.37227414330218,
    "src_class_pct_spiral": 71.3180693069307,
    "tgt_class_pct_spiral": 77.88161993769471,
    "silhouette_score": -0.001300051691941917
  }
}