{
  "src_acc": 0.8496124031007752,
  "src_macro_f1": 0.6275420023547605,
  "src_recalls": [
    0.8181818181818182,
    0.12195121951219512,
    0.9240780911062907
  ],
  "src_cm": [
    [
      117,
      2,
      24
    ],
    [
      6,
      5,
      30
    ],
    [
      27,
      8,
      426
    ]
  ],
  "src_ece": 0.1059872731681942,
  "src_roc_auc_macro": 0.8692714721883356,
  "src_roc_auc_weighted": 0.910781438825951,
  "src_auprc_macro": 0.6862289161411526,
  "src_auprc_weighted": 0.8919053474900536
}