{
  "tgt_acc": 0.8635477582846004,
  "tgt_macro_f1": 0.6459590349161904,
  "tgt_recalls": [
    0.8857142857142857,
    0.20930232558139536,
    0.93
  ],
  "tgt_cm": [
    [
      62,
      7,
      1
    ],
    [
      20,
      9,
      14
    ],
    [
      15,
      13,
      372
    ]
  ],
  "tgt_ece": 0.0875998070830258,
  "tgt_roc_auc_macro": 0.8879589590721298,
  "tgt_roc_auc_weighted": 0.9311158483522396,
  "tgt_auprc_macro": 0.684323582837996,
  "tgt_auprc_weighted": 0.8990627346496193
}