{
  "test": {
    "domain_auc": 0.5023629964806435,
    "domain_acc": 0.5804597701149425,
    "a_distance": 0.8390804597701149,
    "domain_auc_elliptical": 0.7651515151515152,
    "domain_auc_irregular": 0.6272189349112426,
    "domain_auc_spiral": 0.5728769083969466,
    "centroid_dist_elliptical": 0.1388121396303177,
    "centroid_dist_irregular": 0.2215604931116104,
    "centroid_dist_spiral": 0.019434727728366852,
    "avg_centroid_distance": 0.12660245597362518,
    "src_var_elliptical": 0.0008599276770837605,
    "tgt_var_elliptical": 0.000942276616115123,
    "src_var_irregular": 0.00034489508834667504,
    "tgt_var_irregular": 0.0006326993461698294,
    "src_var_spiral": 0.00017539956024847925,
    "tgt_var_spiral": 0.0001627916790312156,
    "src_class_pct_elliptical": 22.170542635658915,
    "tgt_class_pct_elliptical": 13.64522417153996,
    "src_class_pct_irregular": 6.3565891472868215,
    "tgt_class_pct_irregular": 8.382066276803119,
    "src_class_pct_spiral": 71.47286821705427,
    "tgt_class_pct_spiral": 77.97270955165692,
    "silhouette_score": -0.0001409337855875492
  },
  "full": {
    "domain_auc": 0.598886042850663,
    "domain_acc": 0.5519816197587594,
    "a_distance": 0.8960367604824813,
    "domain_auc_elliptical": 0.7127935044985736,
    "domain_auc_irregular": 0.9112173038229376,
    "domain_auc_spiral": 0.5820433436532508,
    "centroid_dist_elliptical": 0.1621425300836563,
    "centroid_dist_irregular": 0.39529842138290405,
    "centroid_dist_spiral": 0.07125382870435715,
    "avg_centroid_distance": 0.2095649242401123,
    "src_var_elliptical": 0.0009642353397794068,
    "tgt_var_elliptical": 0.0009608868858776987,
    "src_var_irregular": 0.000860124418977648,
    "tgt_var_irregular": 0.0005621980526484549,
    "src_var_spiral": 0.00010833204578375444,
    "tgt_var_spiral": 0.00018477707635611296,
    "src_class_pct_elliptical": 22.246287128712872,
    "tgt_class_pct_elliptical": 13.746105919003115,
    "src_class_pct_irregular": 6.435643564356436,
    "tgt_class_pct_irregular": 8.37227414330218,
    "src_class_pct_spiral": 71.3180693069307,
    "tgt_class_pct_spiral": 77.88161993769471,
    "silhouette_score": -0.0013944050297141075
  }
}