{
  "src_acc": 0.8558139534883721,
  "src_macro_f1": 0.6362566844919787,
  "src_recalls": [
    0.8601398601398601,
    0.12195121951219512,
    0.9197396963123644
  ],
  "src_cm": [
    [
      123,
      0,
      20
    ],
    [
      6,
      5,
      30
    ],
    [
      28,
      9,
      424
    ]
  ],
  "src_ece": 0.11440697109052378,
  "src_roc_auc_macro": 0.8581383083308234,
  "src_roc_auc_weighted": 0.906490052019138,
  "src_auprc_macro": 0.6951110893145968,
  "src_auprc_weighted": 0.8969460937926395
}