{
  "tgt_acc": 0.8382066276803118,
  "tgt_macro_f1": 0.5769493412984285,
  "tgt_recalls": [
    0.7142857142857143,
    0.13953488372093023,
    0.935
  ],
  "tgt_cm": [
    [
      50,
      17,
      3
    ],
    [
      19,
      6,
      18
    ],
    [
      24,
      2,
      374
    ]
  ],
  "tgt_ece": 0.13772242866296747,
  "tgt_roc_auc_macro": 0.8607163633415009,
  "tgt_roc_auc_weighted": 0.9135873028045148,
  "tgt_auprc_macro": 0.5906979469595709,
  "tgt_auprc_weighted": 0.8579100952472074
}