{
    "mean": [
        0.04435471072793007,
        0.039951760321855545,
        0.03260829299688339
    ],
    "std": [
        0.08813368529081345,
        0.07679933309555054,
        0.07459279149770737
    ]
}