{
    "mean": [
        0.04262027516961098,
        0.03869813308119774,
        0.03188522532582283
    ],
    "std": [
        0.08519690483808517,
        0.07422874122858047,
        0.07386288791894913
    ]
}