{
  "test": {
    "domain_auc": 0.9932294285235462,
    "domain_acc": 0.9568965517241379,
    "a_distance": 0.0862068965517242,
    "sinkhorn_div": 0.2509200870990753,
    "domain_auc_elliptical": 0.9989177489177489,
    "domain_auc_irregular": 0.8875739644970414,
    "domain_auc_spiral": 0.978113072519084,
    "centroid_dist_elliptical": 0.6171604990959167,
    "centroid_dist_irregular": 0.3139217793941498,
    "centroid_dist_spiral": 0.3415412902832031,
    "avg_centroid_distance": 0.4242078363895416,
    "src_var_elliptical": 0.0001098899228964001,
    "tgt_var_elliptical": 0.00012245963444001973,
    "src_var_irregular": 0.0001114486949518323,
    "tgt_var_irregular": 0.000122261859360151,
    "src_var_spiral": 0.00011450993770267814,
    "tgt_var_spiral": 0.0001210023183375597,
    "src_class_pct_elliptical": 22.170542635658915,
    "tgt_class_pct_elliptical": 13.64522417153996,
    "src_class_pct_irregular": 6.3565891472868215,
    "tgt_class_pct_irregular": 8.382066276803119,
    "src_class_pct_spiral": 71.47286821705427,
    "tgt_class_pct_spiral": 77.97270955165692,
    "silhouette_score": 0.09221542626619339
  },
  "full": {
    "domain_auc": 0.9976960431174792,
    "domain_acc": 0.980470993681792,
    "a_distance": 0.03905801263641595,
    "sinkhorn_div": 0.23807546496391296,
    "domain_auc_elliptical": 0.9974983541803818,
    "domain_auc_irregular": 0.9856639839034206,
    "domain_auc_spiral": 0.9950061823654017,
    "centroid_dist_elliptical": 0.6559845209121704,
    "centroid_dist_irregular": 0.37706050276756287,
    "centroid_dist_spiral": 0.3205699324607849,
    "avg_centroid_distance": 0.4512050151824951,
    "src_var_elliptical": 0.00010946734255412593,
    "tgt_var_elliptical": 0.00012167023669462651,
    "src_var_irregular": 0.00011016135977115482,
    "tgt_var_irregular": 0.00012351041368674487,
    "src_var_spiral": 0.00011475833161966875,
    "tgt_var_spiral": 0.00012134455755585805,
    "src_class_pct_elliptical": 22.246287128712872,
    "tgt_class_pct_elliptical": 13.746105919003115,
    "src_class_pct_irregular": 6.435643564356436,
    "tgt_class_pct_irregular": 8.37227414330218,
    "src_class_pct_spiral": 71.3180693069307,
    "tgt_class_pct_spiral": 77.88161993769471,
    "silhouette_score": 0.08899407088756561
  }
}