{
  "src_acc": 0.6062015503875969,
  "src_macro_f1": 0.5361554564945951,
  "src_recalls": [
    0.8811188811188811,
    0.5609756097560976,
    0.5249457700650759
  ],
  "src_cm": [
    [
      126,
      14,
      3
    ],
    [
      7,
      23,
      11
    ],
    [
      68,
      151,
      242
    ]
  ],
  "src_ece": 0.1727483267469924,
  "src_roc_auc_macro": 0.8396613374330278,
  "src_roc_auc_weighted": 0.8752703340342618,
  "src_auprc_macro": 0.6458078061960346,
  "src_auprc_weighted": 0.8597039053789534
}