{
  "tgt_acc": 0.6900584795321637,
  "tgt_macro_f1": 0.37255377669774115,
  "tgt_recalls": [
    0.04285714285714286,
    0.3488372093023256,
    0.84
  ],
  "tgt_cm": [
    [
      3,
      34,
      33
    ],
    [
      0,
      15,
      28
    ],
    [
      0,
      64,
      336
    ]
  ],
  "tgt_ece": 0.13751757325019984,
  "tgt_roc_auc_macro": 0.6910790428882946,
  "tgt_roc_auc_weighted": 0.6941342357737417,
  "tgt_auprc_macro": 0.4892314205997326,
  "tgt_auprc_weighted": 0.7418649553625765
}