{
  "test": {
    "domain_auc": 0.8180995475113122,
    "domain_acc": 0.5603448275862069,
    "a_distance": 0.8793103448275863,
    "domain_auc_elliptical": 0.8798701298701299,
    "domain_auc_irregular": 0.7100591715976332,
    "domain_auc_spiral": 0.7335400763358778,
    "centroid_dist_elliptical": 0.05529771000146866,
    "centroid_dist_irregular": 0.11773154139518738,
    "centroid_dist_spiral": 0.02784978412091732,
    "avg_centroid_distance": 0.0669596716761589,
    "src_var_elliptical": 0.001290143933147192,
    "tgt_var_elliptical": 0.0015689594438299537,
    "src_var_irregular": 0.0004187219310551882,
    "tgt_var_irregular": 0.0008389143622480333,
    "src_var_spiral": 0.00044001921196468174,
    "tgt_var_spiral": 0.00046079218736849725,
    "src_class_pct_elliptical": 22.170542635658915,
    "tgt_class_pct_elliptical": 13.64522417153996,
    "src_class_pct_irregular": 6.3565891472868215,
    "tgt_class_pct_irregular": 8.382066276803119,
    "src_class_pct_spiral": 71.47286821705427,
    "tgt_class_pct_spiral": 77.97270955165692,
    "silhouette_score": 0.005802171770483255
  },
  "full": {
    "domain_auc": 0.8777008458069852,
    "domain_acc": 0.6927053417576106,
    "a_distance": 0.6145893164847789,
    "domain_auc_elliptical": 0.8993636164143077,
    "domain_auc_irregular": 0.9673038229376258,
    "domain_auc_spiral": 0.7778398144331873,
    "centroid_dist_elliptical": 0.044627949595451355,
    "centroid_dist_irregular": 0.10923005640506744,
    "centroid_dist_spiral": 0.03437091410160065,
    "avg_centroid_distance": 0.06274297088384628,
    "src_var_elliptical": 0.0013298147823661566,
    "tgt_var_elliptical": 0.0014820878859609365,
    "src_var_irregular": 0.0004899536725133657,
    "tgt_var_irregular": 0.000782223476562649,
    "src_var_spiral": 0.00042043093708343804,
    "tgt_var_spiral": 0.0004763695760630071,
    "src_class_pct_elliptical": 22.246287128712872,
    "tgt_class_pct_elliptical": 13.746105919003115,
    "src_class_pct_irregular": 6.435643564356436,
    "tgt_class_pct_irregular": 8.37227414330218,
    "src_class_pct_spiral": 71.3180693069307,
    "tgt_class_pct_spiral": 77.88161993769471,
    "silhouette_score": 0.005633498542010784
  }
}