{
  "src_acc": 0.9100775193798449,
  "src_macro_f1": 0.8304162968653356,
  "src_recalls": [
    0.9090909090909091,
    0.6097560975609756,
    0.9370932754880694
  ],
  "src_cm": [
    [
      130,
      2,
      11
    ],
    [
      1,
      25,
      15
    ],
    [
      23,
      6,
      432
    ]
  ],
  "src_ece": 0.0563356911489206,
  "src_roc_auc_macro": 0.9644039022098164,
  "src_roc_auc_weighted": 0.9663125653127119,
  "src_auprc_macro": 0.8916884923078011,
  "src_auprc_weighted": 0.9611153574278415
}