{
  "tgt_acc": 0.8148148148148148,
  "tgt_macro_f1": 0.5709415447812072,
  "tgt_recalls": [
    0.8142857142857143,
    0.11627906976744186,
    0.89
  ],
  "tgt_cm": [
    [
      57,
      1,
      12
    ],
    [
      16,
      5,
      22
    ],
    [
      39,
      5,
      356
    ]
  ],
  "tgt_ece": 0.10820342370873537,
  "tgt_roc_auc_macro": 0.7786072947858523,
  "tgt_roc_auc_weighted": 0.8451387164895664,
  "tgt_auprc_macro": 0.5857571987140024,
  "tgt_auprc_weighted": 0.8379707593253124
}