{
  "test": {
    "domain_auc": 0.5826713591419473,
    "domain_acc": 0.5603448275862069,
    "a_distance": 0.8793103448275863,
    "domain_auc_elliptical": 0.7012987012987013,
    "domain_auc_irregular": 0.7100591715976331,
    "domain_auc_spiral": 0.721851145038168,
    "centroid_dist_elliptical": 0.09657759964466095,
    "centroid_dist_irregular": 0.2584543526172638,
    "centroid_dist_spiral": 0.01799684949219227,
    "avg_centroid_distance": 0.12434294074773788,
    "src_var_elliptical": 0.0004100303922314197,
    "tgt_var_elliptical": 0.0005195520352572203,
    "src_var_irregular": 0.00015023487503640354,
    "tgt_var_irregular": 0.000330686365487054,
    "src_var_spiral": 0.00010092607408296317,
    "tgt_var_spiral": 0.00010531594307394698,
    "src_class_pct_elliptical": 22.170542635658915,
    "tgt_class_pct_elliptical": 13.64522417153996,
    "src_class_pct_irregular": 6.3565891472868215,
    "tgt_class_pct_irregular": 8.382066276803119,
    "src_class_pct_spiral": 71.47286821705427,
    "tgt_class_pct_spiral": 77.97270955165692,
    "silhouette_score": 0.004756696987897158
  },
  "full": {
    "domain_auc": 0.8954747992208971,
    "domain_acc": 0.5519816197587594,
    "a_distance": 0.8960367604824813,
    "domain_auc_elliptical": 0.8099188062321703,
    "domain_auc_irregular": 0.8656941649899398,
    "domain_auc_spiral": 0.8471278359804081,
    "centroid_dist_elliptical": 0.03181915730237961,
    "centroid_dist_irregular": 0.33598625659942627,
    "centroid_dist_spiral": 0.036239393055438995,
    "avg_centroid_distance": 0.1346815973520279,
    "src_var_elliptical": 0.0004934124299325049,
    "tgt_var_elliptical": 0.000524790259078145,
    "src_var_irregular": 0.0003712901961989701,
    "tgt_var_irregular": 0.00033447076566517353,
    "src_var_spiral": 8.830228034639731e-05,
    "tgt_var_spiral": 0.00011904742859769613,
    "src_class_pct_elliptical": 22.246287128712872,
    "tgt_class_pct_elliptical": 13.746105919003115,
    "src_class_pct_irregular": 6.435643564356436,
    "tgt_class_pct_irregular": 8.37227414330218,
    "src_class_pct_spiral": 71.3180693069307,
    "tgt_class_pct_spiral": 77.88161993769471,
    "silhouette_score": 0.0009461253066547215
  }
}