{
  "src_acc": 0.8666666666666667,
  "src_macro_f1": 0.6601050934043335,
  "src_recalls": [
    0.8251748251748252,
    0.17073170731707318,
    0.9414316702819957
  ],
  "src_cm": [
    [
      118,
      4,
      21
    ],
    [
      6,
      7,
      28
    ],
    [
      21,
      6,
      434
    ]
  ],
  "src_ece": 0.07254471603290055,
  "src_roc_auc_macro": 0.8898968352474602,
  "src_roc_auc_weighted": 0.9198262957206546,
  "src_auprc_macro": 0.7103787552305957,
  "src_auprc_weighted": 0.9010468900056201
}