{
  "tgt_acc": 0.8654970760233918,
  "tgt_macro_f1": 0.6058858430830777,
  "tgt_recalls": [
    0.9428571428571428,
    0.09302325581395349,
    0.935
  ],
  "tgt_cm": [
    [
      66,
      4,
      0
    ],
    [
      26,
      4,
      13
    ],
    [
      19,
      7,
      374
    ]
  ],
  "tgt_ece": 0.11742613248193011,
  "tgt_roc_auc_macro": 0.8518078792787334,
  "tgt_roc_auc_weighted": 0.9318997926936282,
  "tgt_auprc_macro": 0.6366871923609719,
  "tgt_auprc_weighted": 0.8846687274712558
}