{
  "test": {
    "domain_auc": 0.9821350762527232,
    "domain_acc": 0.9137931034482759,
    "a_distance": 0.17241379310344818,
    "domain_auc_elliptical": 0.9480519480519481,
    "domain_auc_irregular": 0.7278106508875739,
    "domain_auc_spiral": 0.9549141221374046,
    "centroid_dist_elliptical": 0.2979744076728821,
    "centroid_dist_irregular": 0.2575548589229584,
    "centroid_dist_spiral": 0.14887285232543945,
    "avg_centroid_distance": 0.23480069637298584,
    "src_var_elliptical": 0.0001247090840479359,
    "tgt_var_elliptical": 0.000121506534924265,
    "src_var_irregular": 0.00013034805306233466,
    "tgt_var_irregular": 0.00012810854241251945,
    "src_var_spiral": 0.00013211870100349188,
    "tgt_var_spiral": 0.0001253859663847834,
    "src_class_pct_elliptical": 22.170542635658915,
    "tgt_class_pct_elliptical": 13.64522417153996,
    "src_class_pct_irregular": 6.3565891472868215,
    "tgt_class_pct_irregular": 8.382066276803119,
    "src_class_pct_spiral": 71.47286821705427,
    "tgt_class_pct_spiral": 77.97270955165692,
    "silhouette_score": 0.01104925386607647
  },
  "full": {
    "domain_auc": 0.9967475119400198,
    "domain_acc": 0.9701321079839172,
    "a_distance": 0.059735784032165506,
    "domain_auc_elliptical": 0.9899056396752249,
    "domain_auc_irregular": 0.9222837022132797,
    "domain_auc_spiral": 0.9929621677577662,
    "centroid_dist_elliptical": 0.2808079421520233,
    "centroid_dist_irregular": 0.26824671030044556,
    "centroid_dist_spiral": 0.1443254053592682,
    "avg_centroid_distance": 0.23112666606903076,
    "src_var_elliptical": 0.00012348417658358812,
    "tgt_var_elliptical": 0.00012091232201782987,
    "src_var_irregular": 0.00012974733544979244,
    "tgt_var_irregular": 0.00012926006456837058,
    "src_var_spiral": 0.00013236995437182486,
    "tgt_var_spiral": 0.00012541020987555385,
    "src_class_pct_elliptical": 22.246287128712872,
    "tgt_class_pct_elliptical": 13.746105919003115,
    "src_class_pct_irregular": 6.435643564356436,
    "tgt_class_pct_irregular": 8.37227414330218,
    "src_class_pct_spiral": 71.3180693069307,
    "tgt_class_pct_spiral": 77.88161993769471,
    "silhouette_score": 0.01023748517036438
  }
}