{
  "src_acc": 0.7767441860465116,
  "src_macro_f1": 0.6320306956416282,
  "src_recalls": [
    0.8181818181818182,
    0.4146341463414634,
    0.7960954446854663
  ],
  "src_cm": [
    [
      117,
      15,
      11
    ],
    [
      4,
      17,
      20
    ],
    [
      33,
      61,
      367
    ]
  ],
  "src_ece": 0.05257718364397686,
  "src_roc_auc_macro": 0.8678502584643245,
  "src_roc_auc_weighted": 0.8880911195858772,
  "src_auprc_macro": 0.6848771745851342,
  "src_auprc_weighted": 0.8845303380433118
}