{
  "tgt_acc": 0.5964912280701754,
  "tgt_macro_f1": 0.46275563199472325,
  "tgt_recalls": [
    0.4714285714285714,
    0.32558139534883723,
    0.6475
  ],
  "tgt_cm": [
    [
      33,
      14,
      23
    ],
    [
      3,
      14,
      26
    ],
    [
      24,
      117,
      259
    ]
  ],
  "tgt_ece": 0.08399557213337099,
  "tgt_roc_auc_macro": 0.6436422146263628,
  "tgt_roc_auc_weighted": 0.6467735447229298,
  "tgt_auprc_macro": 0.4932158716420381,
  "tgt_auprc_weighted": 0.7287241007069402
}