{
  "test": {
    "domain_auc": 0.9994972347913524,
    "domain_acc": 0.9885057471264368,
    "a_distance": 0.02298850574712641,
    "domain_auc_elliptical": 1.0,
    "domain_auc_irregular": 0.9230769230769231,
    "domain_auc_spiral": 0.9980916030534351,
    "centroid_dist_elliptical": 0.4532102644443512,
    "centroid_dist_irregular": 0.3190194070339203,
    "centroid_dist_spiral": 0.3291056454181671,
    "avg_centroid_distance": 0.36711177229881287,
    "src_var_elliptical": 0.00013531690638046712,
    "tgt_var_elliptical": 0.00010910942364716902,
    "src_var_irregular": 0.0001335791894234717,
    "tgt_var_irregular": 0.00011700563482008874,
    "src_var_spiral": 0.00013606985157821327,
    "tgt_var_spiral": 0.00011075259681092575,
    "src_class_pct_elliptical": 22.170542635658915,
    "tgt_class_pct_elliptical": 13.64522417153996,
    "src_class_pct_irregular": 6.3565891472868215,
    "tgt_class_pct_irregular": 8.382066276803119,
    "src_class_pct_spiral": 71.47286821705427,
    "tgt_class_pct_spiral": 77.97270955165692,
    "silhouette_score": 0.047688696533441544
  },
  "full": {
    "domain_auc": 0.9995997758744897,
    "domain_acc": 0.9902354968408961,
    "a_distance": 0.019529006318207864,
    "domain_auc_elliptical": 0.9995611147684881,
    "domain_auc_irregular": 0.9967303822937625,
    "domain_auc_spiral": 0.999489595414506,
    "centroid_dist_elliptical": 0.4487910270690918,
    "centroid_dist_irregular": 0.29654404520988464,
    "centroid_dist_spiral": 0.31701669096946716,
    "avg_centroid_distance": 0.3541172742843628,
    "src_var_elliptical": 0.00013476127060130239,
    "tgt_var_elliptical": 0.0001082548697013408,
    "src_var_irregular": 0.00013285974273458123,
    "tgt_var_irregular": 0.00011691606778185815,
    "src_var_spiral": 0.00013604578271042556,
    "tgt_var_spiral": 0.0001108458309317939,
    "src_class_pct_elliptical": 22.246287128712872,
    "tgt_class_pct_elliptical": 13.746105919003115,
    "src_class_pct_irregular": 6.435643564356436,
    "tgt_class_pct_irregular": 8.37227414330218,
    "src_class_pct_spiral": 71.3180693069307,
    "tgt_class_pct_spiral": 77.88161993769471,
    "silhouette_score": 0.04536473751068115
  }
}