{
  "src_acc": 0.8,
  "src_macro_f1": 0.6124034121721466,
  "src_recalls": [
    0.8811188811188811,
    0.1951219512195122,
    0.8286334056399133
  ],
  "src_cm": [
    [
      126,
      3,
      14
    ],
    [
      6,
      8,
      27
    ],
    [
      48,
      31,
      382
    ]
  ],
  "src_ece": 0.044496881499771004,
  "src_roc_auc_macro": 0.8614062390635747,
  "src_roc_auc_weighted": 0.8822763750952216,
  "src_auprc_macro": 0.6656626362931168,
  "src_auprc_weighted": 0.8692152246553926
}