{
  "tgt_acc": 0.5653021442495126,
  "tgt_macro_f1": 0.4667920084188412,
  "tgt_recalls": [
    0.6,
    0.23255813953488372,
    0.595
  ],
  "tgt_cm": [
    [
      42,
      8,
      20
    ],
    [
      10,
      10,
      23
    ],
    [
      17,
      145,
      238
    ]
  ],
  "tgt_ece": 0.21204576483014498,
  "tgt_roc_auc_macro": 0.6309267949107865,
  "tgt_roc_auc_weighted": 0.6371764362306139,
  "tgt_auprc_macro": 0.5177517984548287,
  "tgt_auprc_weighted": 0.7346979735026163
}