{
  "test": {
    "domain_auc": 1.0,
    "domain_acc": 1.0,
    "a_distance": 0.0,
    "domain_auc_elliptical": 1.0,
    "domain_auc_irregular": 1.0,
    "domain_auc_spiral": 1.0,
    "centroid_dist_elliptical": 0.7654064297676086,
    "centroid_dist_irregular": 0.5678663849830627,
    "centroid_dist_spiral": 0.7524356842041016,
    "avg_centroid_distance": 0.6952362060546875,
    "src_var_elliptical": 0.0008847944554872811,
    "tgt_var_elliptical": 0.0010286294855177402,
    "src_var_irregular": 0.0007582127000205219,
    "tgt_var_irregular": 0.001000613090582192,
    "src_var_spiral": 0.0007499660714529455,
    "tgt_var_spiral": 0.0010809310479089618,
    "src_class_pct_elliptical": 22.170542635658915,
    "tgt_class_pct_elliptical": 13.64522417153996,
    "src_class_pct_irregular": 6.3565891472868215,
    "tgt_class_pct_irregular": 8.382066276803119,
    "src_class_pct_spiral": 71.47286821705427,
    "tgt_class_pct_spiral": 77.97270955165692,
    "silhouette_score": 0.2470235824584961
  },
  "full": {
    "domain_auc": 0.9999959977587449,
    "domain_acc": 0.9988512349224583,
    "a_distance": 0.0022975301550833827,
    "domain_auc_elliptical": 0.9999122229536976,
    "domain_auc_irregular": 1.0,
    "domain_auc_spiral": 1.0,
    "centroid_dist_elliptical": 0.8066432476043701,
    "centroid_dist_irregular": 0.6068090200424194,
    "centroid_dist_spiral": 0.7812321186065674,
    "avg_centroid_distance": 0.7315614819526672,
    "src_var_elliptical": 0.0009277050849050283,
    "tgt_var_elliptical": 0.0010257776593789458,
    "src_var_irregular": 0.0009557371377013624,
    "tgt_var_irregular": 0.0010281541617587209,
    "src_var_spiral": 0.0007475154707208276,
    "tgt_var_spiral": 0.00108105200342834,
    "src_class_pct_elliptical": 22.246287128712872,
    "tgt_class_pct_elliptical": 13.746105919003115,
    "src_class_pct_irregular": 6.435643564356436,
    "tgt_class_pct_irregular": 8.37227414330218,
    "src_class_pct_spiral": 71.3180693069307,
    "tgt_class_pct_spiral": 77.88161993769471,
    "silhouette_score": 0.24711459875106812
  }
}