{
  "test": {
    "domain_auc": 0.9932294285235461,
    "domain_acc": 0.9626436781609196,
    "a_distance": 0.07471264367816088,
    "sinkhorn_div": 0.05024395510554314,
    "domain_auc_elliptical": 1.0,
    "domain_auc_irregular": 0.9822485207100592,
    "domain_auc_spiral": 0.9917700381679388,
    "centroid_dist_elliptical": 0.2783451974391937,
    "centroid_dist_irregular": 0.1587725579738617,
    "centroid_dist_spiral": 0.2031155824661255,
    "avg_centroid_distance": 0.2134111076593399,
    "src_var_elliptical": 0.0013324853498488665,
    "tgt_var_elliptical": 0.0009131759288720787,
    "src_var_irregular": 0.0007377107976935804,
    "tgt_var_irregular": 0.0008737122407183051,
    "src_var_spiral": 0.00081725133350119,
    "tgt_var_spiral": 0.0009060844895429909,
    "src_class_pct_elliptical": 22.170542635658915,
    "tgt_class_pct_elliptical": 13.64522417153996,
    "src_class_pct_irregular": 6.3565891472868215,
    "tgt_class_pct_irregular": 8.382066276803119,
    "src_class_pct_spiral": 71.47286821705427,
    "tgt_class_pct_spiral": 77.97270955165692,
    "silhouette_score": 0.12890198826789856
  },
  "full": {
    "domain_auc": 0.9971904266389178,
    "domain_acc": 0.9747271682940839,
    "a_distance": 0.0505456634118322,
    "sinkhorn_div": 0.044594936072826385,
    "domain_auc_elliptical": 0.9992977836295809,
    "domain_auc_irregular": 0.9728370221327969,
    "domain_auc_spiral": 0.9984184646646665,
    "centroid_dist_elliptical": 0.3007625341415405,
    "centroid_dist_irregular": 0.1723128706216812,
    "centroid_dist_spiral": 0.19748587906360626,
    "avg_centroid_distance": 0.2235204130411148,
    "src_var_elliptical": 0.001416701008565724,
    "tgt_var_elliptical": 0.0008765766397118568,
    "src_var_irregular": 0.0008406768902204931,
    "tgt_var_irregular": 0.000931750051677227,
    "src_var_spiral": 0.0007890849374234676,
    "tgt_var_spiral": 0.0009104357450269163,
    "src_class_pct_elliptical": 22.246287128712872,
    "tgt_class_pct_elliptical": 13.746105919003115,
    "src_class_pct_irregular": 6.435643564356436,
    "tgt_class_pct_irregular": 8.37227414330218,
    "src_class_pct_spiral": 71.3180693069307,
    "tgt_class_pct_spiral": 77.88161993769471,
    "silhouette_score": 0.12025545537471771
  }
}