{
  "src_acc": 0.8589147286821706,
  "src_macro_f1": 0.6799804311162102,
  "src_recalls": [
    0.8741258741258742,
    0.24390243902439024,
    0.9088937093275488
  ],
  "src_cm": [
    [
      125,
      3,
      15
    ],
    [
      5,
      10,
      26
    ],
    [
      31,
      11,
      419
    ]
  ],
  "src_ece": 0.07447273865226622,
  "src_roc_auc_macro": 0.8945520155517239,
  "src_roc_auc_weighted": 0.9225721174211632,
  "src_auprc_macro": 0.7270403666688156,
  "src_auprc_weighted": 0.9061423791137726
}