{
  "tgt_acc": 0.6120857699805068,
  "tgt_macro_f1": 0.4432997956149727,
  "tgt_recalls": [
    0.2571428571428571,
    0.4418604651162791,
    0.6925
  ],
  "tgt_cm": [
    [
      18,
      21,
      31
    ],
    [
      1,
      19,
      23
    ],
    [
      5,
      118,
      277
    ]
  ],
  "tgt_ece": 0.166875061584495,
  "tgt_roc_auc_macro": 0.655846090871978,
  "tgt_roc_auc_weighted": 0.6449245192402466,
  "tgt_auprc_macro": 0.4821794330291566,
  "tgt_auprc_weighted": 0.729603596560738
}