{
  "tgt_acc": 0.4678362573099415,
  "tgt_macro_f1": 0.2978983600466976,
  "tgt_recalls": [
    0.04285714285714286,
    0.5581395348837209,
    0.5325
  ],
  "tgt_cm": [
    [
      3,
      54,
      13
    ],
    [
      1,
      24,
      18
    ],
    [
      11,
      176,
      213
    ]
  ],
  "tgt_ece": 0.04651181867480512,
  "tgt_roc_auc_macro": 0.5398685407654961,
  "tgt_roc_auc_weighted": 0.6036450814093867,
  "tgt_auprc_macro": 0.3725388041591377,
  "tgt_auprc_weighted": 0.6797669565475724
}