{
  "test": {
    "domain_auc": 0.5795877325289089,
    "domain_acc": 0.5718390804597702,
    "a_distance": 0.8563218390804597,
    "domain_auc_elliptical": 0.7316017316017316,
    "domain_auc_irregular": 0.6745562130177514,
    "domain_auc_spiral": 0.653924141221374,
    "centroid_dist_elliptical": 0.06165830418467522,
    "centroid_dist_irregular": 0.14069947600364685,
    "centroid_dist_spiral": 0.03006804920732975,
    "avg_centroid_distance": 0.07747527956962585,
    "src_var_elliptical": 0.0001797949953470379,
    "tgt_var_elliptical": 0.00022150010045152158,
    "src_var_irregular": 8.900443935999647e-05,
    "tgt_var_irregular": 0.00015183637151494622,
    "src_var_spiral": 4.88758014398627e-05,
    "tgt_var_spiral": 5.57596686121542e-05,
    "src_class_pct_elliptical": 22.170542635658915,
    "tgt_class_pct_elliptical": 13.64522417153996,
    "src_class_pct_irregular": 6.3565891472868215,
    "tgt_class_pct_irregular": 8.382066276803119,
    "src_class_pct_spiral": 71.47286821705427,
    "tgt_class_pct_spiral": 77.97270955165692,
    "silhouette_score": 0.015403573401272297
  },
  "full": {
    "domain_auc": 0.7216014301342085,
    "domain_acc": 0.5508328546812177,
    "a_distance": 0.8983342906375646,
    "domain_auc_elliptical": 0.8481018213737107,
    "domain_auc_irregular": 0.836016096579477,
    "domain_auc_spiral": 0.7402160473118692,
    "centroid_dist_elliptical": 0.018152032047510147,
    "centroid_dist_irregular": 0.22560113668441772,
    "centroid_dist_spiral": 0.02231622487306595,
    "avg_centroid_distance": 0.08868979662656784,
    "src_var_elliptical": 0.00022010051179677248,
    "tgt_var_elliptical": 0.000227199838263914,
    "src_var_irregular": 0.00027361916727386415,
    "tgt_var_irregular": 0.00017142407887149602,
    "src_var_spiral": 4.0165006794268265e-05,
    "tgt_var_spiral": 6.399225094355643e-05,
    "src_class_pct_elliptical": 22.246287128712872,
    "tgt_class_pct_elliptical": 13.746105919003115,
    "src_class_pct_irregular": 6.435643564356436,
    "tgt_class_pct_irregular": 8.37227414330218,
    "src_class_pct_spiral": 71.3180693069307,
    "tgt_class_pct_spiral": 77.88161993769471,
    "silhouette_score": 0.006468995474278927
  }
}