{
  "src_acc": 0.8480620155038759,
  "src_macro_f1": 0.6550824771227604,
  "src_recalls": [
    0.8531468531468531,
    0.1951219512195122,
    0.9045553145336226
  ],
  "src_cm": [
    [
      122,
      1,
      20
    ],
    [
      5,
      8,
      28
    ],
    [
      31,
      13,
      417
    ]
  ],
  "src_ece": 0.08084121979484257,
  "src_roc_auc_macro": 0.8691352515573462,
  "src_roc_auc_weighted": 0.9015071327997325,
  "src_auprc_macro": 0.6972622424233145,
  "src_auprc_weighted": 0.8831755523285725
}