{
  "tgt_acc": 0.8576998050682261,
  "tgt_macro_f1": 0.6131454008730377,
  "tgt_recalls": [
    1.0,
    0.09302325581395349,
    0.915
  ],
  "tgt_cm": [
    [
      70,
      0,
      0
    ],
    [
      26,
      4,
      13
    ],
    [
      13,
      21,
      366
    ]
  ],
  "tgt_ece": 0.12354333300804304,
  "tgt_roc_auc_macro": 0.8733799825114025,
  "tgt_roc_auc_weighted": 0.9259938345126357,
  "tgt_auprc_macro": 0.6420322826764723,
  "tgt_auprc_weighted": 0.8747439541851423
}