{
  "test": {
    "domain_auc": 0.726663314898609,
    "domain_acc": 0.6235632183908046,
    "a_distance": 0.7528735632183907,
    "domain_auc_elliptical": 0.8582251082251082,
    "domain_auc_irregular": 0.8343195266272189,
    "domain_auc_spiral": 0.6676407442748091,
    "centroid_dist_elliptical": 0.1833508014678955,
    "centroid_dist_irregular": 0.39363786578178406,
    "centroid_dist_spiral": 0.05381697788834572,
    "avg_centroid_distance": 0.2102685570716858,
    "src_var_elliptical": 0.0008869648445397615,
    "tgt_var_elliptical": 0.0009880973957479,
    "src_var_irregular": 0.00047069843276403844,
    "tgt_var_irregular": 0.0006123994826339185,
    "src_var_spiral": 0.0002631428651511669,
    "tgt_var_spiral": 0.00025340449064970016,
    "src_class_pct_elliptical": 22.170542635658915,
    "tgt_class_pct_elliptical": 13.64522417153996,
    "src_class_pct_irregular": 6.3565891472868215,
    "tgt_class_pct_irregular": 8.382066276803119,
    "src_class_pct_spiral": 71.47286821705427,
    "tgt_class_pct_spiral": 77.97270955165692,
    "silhouette_score": 0.005952727980911732
  },
  "full": {
    "domain_auc": 0.7462605725873157,
    "domain_acc": 0.6760482481332567,
    "a_distance": 0.6479035037334866,
    "domain_auc_elliptical": 0.8315119596225587,
    "domain_auc_irregular": 0.9295774647887325,
    "domain_auc_spiral": 0.8496031784067708,
    "centroid_dist_elliptical": 0.0699748694896698,
    "centroid_dist_irregular": 0.57587069272995,
    "centroid_dist_spiral": 0.12918362021446228,
    "avg_centroid_distance": 0.25834307074546814,
    "src_var_elliptical": 0.0009830681374296546,
    "tgt_var_elliptical": 0.000999133917503059,
    "src_var_irregular": 0.000988826504908502,
    "tgt_var_irregular": 0.0006025487091392279,
    "src_var_spiral": 0.00020658416906371713,
    "tgt_var_spiral": 0.00027893128572031856,
    "src_class_pct_elliptical": 22.246287128712872,
    "tgt_class_pct_elliptical": 13.746105919003115,
    "src_class_pct_irregular": 6.435643564356436,
    "tgt_class_pct_irregular": 8.37227414330218,
    "src_class_pct_spiral": 71.3180693069307,
    "tgt_class_pct_spiral": 77.88161993769471,
    "silhouette_score": 0.010552752763032913
  }
}