{
  "src_acc": 0.8542635658914729,
  "src_macro_f1": 0.6590157320520206,
  "src_recalls": [
    0.8391608391608392,
    0.1951219512195122,
    0.9175704989154013
  ],
  "src_cm": [
    [
      120,
      5,
      18
    ],
    [
      2,
      8,
      31
    ],
    [
      29,
      9,
      423
    ]
  ],
  "src_ece": 0.10919414509174437,
  "src_roc_auc_macro": 0.8531928348650593,
  "src_roc_auc_weighted": 0.888235168260325,
  "src_auprc_macro": 0.682738561730583,
  "src_auprc_weighted": 0.8707551450666066
}