{
  "tgt_acc": 0.847953216374269,
  "tgt_macro_f1": 0.5833555585912005,
  "tgt_recalls": [
    1.0,
    0.046511627906976744,
    0.9075
  ],
  "tgt_cm": [
    [
      70,
      0,
      0
    ],
    [
      21,
      2,
      20
    ],
    [
      25,
      12,
      363
    ]
  ],
  "tgt_ece": 0.11293883793070536,
  "tgt_roc_auc_macro": 0.81979991469918,
  "tgt_roc_auc_weighted": 0.8948718222256766,
  "tgt_auprc_macro": 0.6506502536533674,
  "tgt_auprc_weighted": 0.8774157054327475
}