{
  "test": {
    "domain_auc": 0.9848500083794202,
    "domain_acc": 0.9166666666666666,
    "a_distance": 0.16666666666666674,
    "domain_auc_elliptical": 0.9145021645021645,
    "domain_auc_irregular": 0.6331360946745562,
    "domain_auc_spiral": 0.9372614503816794,
    "centroid_dist_elliptical": 0.3237595558166504,
    "centroid_dist_irregular": 0.2642967402935028,
    "centroid_dist_spiral": 0.15465033054351807,
    "avg_centroid_distance": 0.24756889045238495,
    "src_var_elliptical": 0.00011770639684982598,
    "tgt_var_elliptical": 0.00011646581697277725,
    "src_var_irregular": 0.0001236784300999716,
    "tgt_var_irregular": 0.00012465882173273712,
    "src_var_spiral": 0.0001239167177118361,
    "tgt_var_spiral": 0.00012007759505650029,
    "src_class_pct_elliptical": 22.170542635658915,
    "tgt_class_pct_elliptical": 13.64522417153996,
    "src_class_pct_irregular": 6.3565891472868215,
    "tgt_class_pct_irregular": 8.382066276803119,
    "src_class_pct_spiral": 71.47286821705427,
    "tgt_class_pct_spiral": 77.97270955165692,
    "silhouette_score": 0.01461418904364109
  },
  "full": {
    "domain_auc": 0.9920355399023453,
    "domain_acc": 0.9655370476737507,
    "a_distance": 0.06892590465249859,
    "domain_auc_elliptical": 0.9905200789993417,
    "domain_auc_irregular": 0.8850603621730382,
    "domain_auc_spiral": 0.9913255183122621,
    "centroid_dist_elliptical": 0.31831634044647217,
    "centroid_dist_irregular": 0.2850688695907593,
    "centroid_dist_spiral": 0.1449091136455536,
    "avg_centroid_distance": 0.24943144619464874,
    "src_var_elliptical": 0.0001171845433418639,
    "tgt_var_elliptical": 0.00011607560736592859,
    "src_var_irregular": 0.0001236387324752286,
    "tgt_var_irregular": 0.00012460953439585865,
    "src_var_spiral": 0.00012433149095159024,
    "tgt_var_spiral": 0.00012000911374343559,
    "src_class_pct_elliptical": 22.246287128712872,
    "tgt_class_pct_elliptical": 13.746105919003115,
    "src_class_pct_irregular": 6.435643564356436,
    "tgt_class_pct_irregular": 8.37227414330218,
    "src_class_pct_spiral": 71.3180693069307,
    "tgt_class_pct_spiral": 77.88161993769471,
    "silhouette_score": 0.013629769906401634
  }
}