{
  "src_acc": 0.8015503875968992,
  "src_macro_f1": 0.6488497058265489,
  "src_recalls": [
    0.9020979020979021,
    0.34146341463414637,
    0.8112798264642083
  ],
  "src_cm": [
    [
      129,
      2,
      12
    ],
    [
      7,
      14,
      20
    ],
    [
      52,
      35,
      374
    ]
  ],
  "src_ece": 0.11198247601819594,
  "src_roc_auc_macro": 0.8505390242392177,
  "src_roc_auc_weighted": 0.8777681329447987,
  "src_auprc_macro": 0.6680776212431155,
  "src_auprc_weighted": 0.8739535298241807
}