{
  "tgt_acc": 0.5165692007797271,
  "tgt_macro_f1": 0.43559680270266843,
  "tgt_recalls": [
    0.6,
    0.32558139534883723,
    0.5225
  ],
  "tgt_cm": [
    [
      42,
      10,
      18
    ],
    [
      8,
      14,
      21
    ],
    [
      37,
      154,
      209
    ]
  ],
  "tgt_ece": 0.1551559726629573,
  "tgt_roc_auc_macro": 0.6355328756717294,
  "tgt_roc_auc_weighted": 0.6217520467402113,
  "tgt_auprc_macro": 0.48840349416732143,
  "tgt_auprc_weighted": 0.7225705550321351
}