{
  "src_acc": 0.8217054263565892,
  "src_macro_f1": 0.5755723360901355,
  "src_recalls": [
    0.8321678321678322,
    0.04878048780487805,
    0.8872017353579176
  ],
  "src_cm": [
    [
      119,
      0,
      24
    ],
    [
      6,
      2,
      33
    ],
    [
      41,
      11,
      409
    ]
  ],
  "src_ece": 0.029079494966092943,
  "src_roc_auc_macro": 0.854277237526429,
  "src_roc_auc_weighted": 0.8875323660660395,
  "src_auprc_macro": 0.6523217140874936,
  "src_auprc_weighted": 0.8722653965793286
}