{
  "test": {
    "domain_auc": 0.9893413775766717,
    "domain_acc": 0.9425287356321839,
    "a_distance": 0.11494252873563227,
    "domain_auc_elliptical": 0.935064935064935,
    "domain_auc_irregular": 0.7692307692307693,
    "domain_auc_spiral": 0.9645753816793893,
    "centroid_dist_elliptical": 0.305937260389328,
    "centroid_dist_irregular": 0.22916260361671448,
    "centroid_dist_spiral": 0.17071934044361115,
    "avg_centroid_distance": 0.2352730631828308,
    "src_var_elliptical": 0.00012988621892873198,
    "tgt_var_elliptical": 0.00012229637650307268,
    "src_var_irregular": 0.0001328974758507684,
    "tgt_var_irregular": 0.00012891388905700296,
    "src_var_spiral": 0.0001342611067229882,
    "tgt_var_spiral": 0.00012766530562657863,
    "src_class_pct_elliptical": 22.170542635658915,
    "tgt_class_pct_elliptical": 13.64522417153996,
    "src_class_pct_irregular": 6.3565891472868215,
    "tgt_class_pct_irregular": 8.382066276803119,
    "src_class_pct_spiral": 71.47286821705427,
    "tgt_class_pct_spiral": 77.97270955165692,
    "silhouette_score": 0.014765357598662376
  },
  "full": {
    "domain_auc": 0.9976333413378159,
    "domain_acc": 0.9810453762205629,
    "a_distance": 0.03790924755887426,
    "domain_auc_elliptical": 0.9897300855826202,
    "domain_auc_irregular": 0.9625251509054327,
    "domain_auc_spiral": 0.9926985785352107,
    "centroid_dist_elliptical": 0.28552010655403137,
    "centroid_dist_irregular": 0.2208143025636673,
    "centroid_dist_spiral": 0.16275666654109955,
    "avg_centroid_distance": 0.22303037345409393,
    "src_var_elliptical": 0.00012892471568193287,
    "tgt_var_elliptical": 0.0001220790873048827,
    "src_var_irregular": 0.00013207527808845043,
    "tgt_var_irregular": 0.0001298758725170046,
    "src_var_spiral": 0.00013438476889859885,
    "tgt_var_spiral": 0.00012767987209372222,
    "src_class_pct_elliptical": 22.246287128712872,
    "tgt_class_pct_elliptical": 13.746105919003115,
    "src_class_pct_irregular": 6.435643564356436,
    "tgt_class_pct_irregular": 8.37227414330218,
    "src_class_pct_spiral": 71.3180693069307,
    "tgt_class_pct_spiral": 77.88161993769471,
    "silhouette_score": 0.01350954920053482
  }
}