{
  "test": {
    "domain_auc": 0.6196413608178314,
    "domain_acc": 0.5603448275862069,
    "a_distance": 0.8793103448275863,
    "domain_auc_elliptical": 0.7705627705627706,
    "domain_auc_irregular": 0.7751479289940828,
    "domain_auc_spiral": 0.7180939885496183,
    "centroid_dist_elliptical": 0.221705362200737,
    "centroid_dist_irregular": 0.612278938293457,
    "centroid_dist_spiral": 0.0174274705350399,
    "avg_centroid_distance": 0.28380391001701355,
    "src_var_elliptical": 0.0010071549331769347,
    "tgt_var_elliptical": 0.00119695789180696,
    "src_var_irregular": 0.0006207407568581402,
    "tgt_var_irregular": 0.0009011283982545137,
    "src_var_spiral": 0.0005928401951678097,
    "tgt_var_spiral": 0.0005859078373759985,
    "src_class_pct_elliptical": 22.170542635658915,
    "tgt_class_pct_elliptical": 13.64522417153996,
    "src_class_pct_irregular": 6.3565891472868215,
    "tgt_class_pct_irregular": 8.382066276803119,
    "src_class_pct_spiral": 71.47286821705427,
    "tgt_class_pct_spiral": 77.97270955165692,
    "silhouette_score": -0.0005227757501415908
  },
  "full": {
    "domain_auc": 0.8460924784546011,
    "domain_acc": 0.5560022975301551,
    "a_distance": 0.8879954049396899,
    "domain_auc_elliptical": 0.7974105771340795,
    "domain_auc_irregular": 0.8956237424547284,
    "domain_auc_spiral": 0.8103379693086294,
    "centroid_dist_elliptical": 0.08086193352937698,
    "centroid_dist_irregular": 0.5990952253341675,
    "centroid_dist_spiral": 0.07759752124547958,
    "avg_centroid_distance": 0.2525182068347931,
    "src_var_elliptical": 0.001105490606278181,
    "tgt_var_elliptical": 0.0012173219583928585,
    "src_var_irregular": 0.0008192728855647147,
    "tgt_var_irregular": 0.0008301804191432893,
    "src_var_spiral": 0.0005877391085959971,
    "tgt_var_spiral": 0.0006115316064096987,
    "src_class_pct_elliptical": 22.246287128712872,
    "tgt_class_pct_elliptical": 13.746105919003115,
    "src_class_pct_irregular": 6.435643564356436,
    "tgt_class_pct_irregular": 8.37227414330218,
    "src_class_pct_spiral": 71.3180693069307,
    "tgt_class_pct_spiral": 77.88161993769471,
    "silhouette_score": 0.002106120577082038
  }
}