{
  "src_acc": 0.8604651162790697,
  "src_macro_f1": 0.6732304862243405,
  "src_recalls": [
    0.8321678321678322,
    0.21951219512195122,
    0.9262472885032538
  ],
  "src_cm": [
    [
      119,
      2,
      22
    ],
    [
      4,
      9,
      28
    ],
    [
      23,
      11,
      427
    ]
  ],
  "src_ece": 0.051727437464765824,
  "src_roc_auc_macro": 0.9110317897703162,
  "src_roc_auc_weighted": 0.927819961157386,
  "src_auprc_macro": 0.7290179202385665,
  "src_auprc_weighted": 0.9121727653685925
}