{
  "tgt_acc": 0.8635477582846004,
  "tgt_macro_f1": 0.6121700459388034,
  "tgt_recalls": [
    0.9857142857142858,
    0.09302325581395349,
    0.925
  ],
  "tgt_cm": [
    [
      69,
      0,
      1
    ],
    [
      25,
      4,
      14
    ],
    [
      18,
      12,
      370
    ]
  ],
  "tgt_ece": 0.0460573939668272,
  "tgt_roc_auc_macro": 0.7841058582210613,
  "tgt_roc_auc_weighted": 0.9040146144201991,
  "tgt_auprc_macro": 0.6484325959439491,
  "tgt_auprc_weighted": 0.8891477599578796
}