{
  "test": {
    "domain_auc": 0.7735880677057149,
    "domain_acc": 0.6839080459770115,
    "a_distance": 0.632183908045977,
    "domain_auc_elliptical": 0.7283549783549783,
    "domain_auc_irregular": 0.8579881656804733,
    "domain_auc_spiral": 0.8143487595419848,
    "centroid_dist_elliptical": 0.1642918884754181,
    "centroid_dist_irregular": 0.6266262531280518,
    "centroid_dist_spiral": 0.3880236744880676,
    "avg_centroid_distance": 0.39298057556152344,
    "src_var_elliptical": 0.0014817849732935429,
    "tgt_var_elliptical": 0.0015671085566282272,
    "src_var_irregular": 0.0007478264742530882,
    "tgt_var_irregular": 0.0012171328999102116,
    "src_var_spiral": 0.00045320793287828565,
    "tgt_var_spiral": 0.0007513771997764707,
    "src_class_pct_elliptical": 22.170542635658915,
    "tgt_class_pct_elliptical": 13.64522417153996,
    "src_class_pct_irregular": 6.3565891472868215,
    "tgt_class_pct_irregular": 8.382066276803119,
    "src_class_pct_spiral": 71.47286821705427,
    "tgt_class_pct_spiral": 77.97270955165692,
    "silhouette_score": 0.06802850216627121
  },
  "full": {
    "domain_auc": 0.7895328050374877,
    "domain_acc": 0.694428489373923,
    "a_distance": 0.611143021252154,
    "domain_auc_elliptical": 0.7595347816545973,
    "domain_auc_irregular": 0.9720824949698188,
    "domain_auc_spiral": 0.8798560323591715,
    "centroid_dist_elliptical": 0.2005583643913269,
    "centroid_dist_irregular": 0.9070698022842407,
    "centroid_dist_spiral": 0.4332200288772583,
    "avg_centroid_distance": 0.5136160254478455,
    "src_var_elliptical": 0.001614325912669301,
    "tgt_var_elliptical": 0.0015734444605186582,
    "src_var_irregular": 0.0014043974224478006,
    "tgt_var_irregular": 0.0011938648531213403,
    "src_var_spiral": 0.00036309121060185134,
    "tgt_var_spiral": 0.0007168592419475317,
    "src_class_pct_elliptical": 22.246287128712872,
    "tgt_class_pct_elliptical": 13.746105919003115,
    "src_class_pct_irregular": 6.435643564356436,
    "tgt_class_pct_irregular": 8.37227414330218,
    "src_class_pct_spiral": 71.3180693069307,
    "tgt_class_pct_spiral": 77.88161993769471,
    "silhouette_score": 0.07317142188549042
  }
}