{
  "src_acc": 0.8542635658914729,
  "src_macro_f1": 0.6423315193737672,
  "src_recalls": [
    0.8181818181818182,
    0.14634146341463414,
    0.928416485900217
  ],
  "src_cm": [
    [
      117,
      2,
      24
    ],
    [
      4,
      6,
      31
    ],
    [
      25,
      8,
      428
    ]
  ],
  "src_ece": 0.10023519336715225,
  "src_roc_auc_macro": 0.8785282621429588,
  "src_roc_auc_weighted": 0.9161136723682058,
  "src_auprc_macro": 0.7032331885443153,
  "src_auprc_weighted": 0.89698818639218
}