{
  "tgt_acc": 0.6842105263157895,
  "tgt_macro_f1": 0.4568574588587729,
  "tgt_recalls": [
    0.8285714285714286,
    0.06976744186046512,
    0.725
  ],
  "tgt_cm": [
    [
      58,
      9,
      3
    ],
    [
      22,
      3,
      18
    ],
    [
      106,
      4,
      290
    ]
  ],
  "tgt_ece": 0.25069617307209363,
  "tgt_roc_auc_macro": 0.7631755441387531,
  "tgt_roc_auc_weighted": 0.8360359774843562,
  "tgt_auprc_macro": 0.5423660797485526,
  "tgt_auprc_weighted": 0.8212728037306766
}