{
  "test": {
    "domain_auc": 0.9998994469582705,
    "domain_acc": 0.9942528735632183,
    "a_distance": 0.011494252873563315,
    "domain_auc_elliptical": 1.0,
    "domain_auc_irregular": 0.893491124260355,
    "domain_auc_spiral": 0.9982705152671756,
    "centroid_dist_elliptical": 0.4421904385089874,
    "centroid_dist_irregular": 0.29605066776275635,
    "centroid_dist_spiral": 0.30532360076904297,
    "avg_centroid_distance": 0.347854882478714,
    "src_var_elliptical": 0.00013772919191978872,
    "tgt_var_elliptical": 0.00011411734158173203,
    "src_var_irregular": 0.0001343616604572162,
    "tgt_var_irregular": 0.00011997590627288446,
    "src_var_spiral": 0.00013655568182002753,
    "tgt_var_spiral": 0.0001143837216659449,
    "src_class_pct_elliptical": 22.170542635658915,
    "tgt_class_pct_elliptical": 13.64522417153996,
    "src_class_pct_irregular": 6.3565891472868215,
    "tgt_class_pct_irregular": 8.382066276803119,
    "src_class_pct_spiral": 71.47286821705427,
    "tgt_class_pct_spiral": 77.97270955165692,
    "silhouette_score": 0.04358917847275734
  },
  "full": {
    "domain_auc": 0.9995891032311428,
    "domain_acc": 0.9925330269959793,
    "a_distance": 0.014933946008041321,
    "domain_auc_elliptical": 0.999561114768488,
    "domain_auc_irregular": 0.988430583501006,
    "domain_auc_spiral": 0.999863412857403,
    "centroid_dist_elliptical": 0.4406789541244507,
    "centroid_dist_irregular": 0.30046024918556213,
    "centroid_dist_spiral": 0.2925581932067871,
    "avg_centroid_distance": 0.3445657789707184,
    "src_var_elliptical": 0.0001372944243485108,
    "tgt_var_elliptical": 0.00011331906716804951,
    "src_var_irregular": 0.00013441091869026423,
    "tgt_var_irregular": 0.00012003935262328014,
    "src_var_spiral": 0.0001364730705972761,
    "tgt_var_spiral": 0.00011439545050961897,
    "src_class_pct_elliptical": 22.246287128712872,
    "tgt_class_pct_elliptical": 13.746105919003115,
    "src_class_pct_irregular": 6.435643564356436,
    "tgt_class_pct_irregular": 8.37227414330218,
    "src_class_pct_spiral": 71.3180693069307,
    "tgt_class_pct_spiral": 77.88161993769471,
    "silhouette_score": 0.04162858426570892
  }
}