{
  "src_acc": 0.8108527131782945,
  "src_macro_f1": 0.6338148378015488,
  "src_recalls": [
    0.7902097902097902,
    0.2682926829268293,
    0.8655097613882863
  ],
  "src_cm": [
    [
      113,
      5,
      25
    ],
    [
      5,
      11,
      25
    ],
    [
      33,
      29,
      399
    ]
  ],
  "src_ece": 0.022872315913207757,
  "src_roc_auc_macro": 0.8665951832286526,
  "src_roc_auc_weighted": 0.8814746004631461,
  "src_auprc_macro": 0.665929597998089,
  "src_auprc_weighted": 0.8694768965744164
}