{
  "tgt_acc": 0.5536062378167641,
  "tgt_macro_f1": 0.4459068035537716,
  "tgt_recalls": [
    0.44285714285714284,
    0.3023255813953488,
    0.6
  ],
  "tgt_cm": [
    [
      31,
      9,
      30
    ],
    [
      4,
      13,
      26
    ],
    [
      13,
      147,
      240
    ]
  ],
  "tgt_ece": 0.2349719179187834,
  "tgt_roc_auc_macro": 0.6294190779363751,
  "tgt_roc_auc_weighted": 0.6008121028939821,
  "tgt_auprc_macro": 0.4843253857803462,
  "tgt_auprc_weighted": 0.7175497046491406
}