{
  "test": {
    "domain_auc": 0.5615887380593263,
    "domain_acc": 0.6264367816091954,
    "a_distance": 0.7471264367816093,
    "domain_auc_elliptical": 0.7911255411255411,
    "domain_auc_irregular": 0.8047337278106509,
    "domain_auc_spiral": 0.622256679389313,
    "centroid_dist_elliptical": 0.17233851552009583,
    "centroid_dist_irregular": 0.4025000333786011,
    "centroid_dist_spiral": 0.03237717226147652,
    "avg_centroid_distance": 0.20240522921085358,
    "src_var_elliptical": 0.001016467809677124,
    "tgt_var_elliptical": 0.0011258430313318968,
    "src_var_irregular": 0.0005847831489518285,
    "tgt_var_irregular": 0.0007901142234914005,
    "src_var_spiral": 0.0004690077039413154,
    "tgt_var_spiral": 0.0004700946738012135,
    "src_class_pct_elliptical": 22.170542635658915,
    "tgt_class_pct_elliptical": 13.64522417153996,
    "src_class_pct_irregular": 6.3565891472868215,
    "tgt_class_pct_irregular": 8.382066276803119,
    "src_class_pct_spiral": 71.47286821705427,
    "tgt_class_pct_spiral": 77.97270955165692,
    "silhouette_score": -0.0004051057039760053
  },
  "full": {
    "domain_auc": 0.8135342458443394,
    "domain_acc": 0.5898908673176335,
    "a_distance": 0.820218265364733,
    "domain_auc_elliptical": 0.7925828395874478,
    "domain_auc_irregular": 0.9222837022132797,
    "domain_auc_spiral": 0.7659711106212079,
    "centroid_dist_elliptical": 0.15064015984535217,
    "centroid_dist_irregular": 0.6108564138412476,
    "centroid_dist_spiral": 0.07843807339668274,
    "avg_centroid_distance": 0.2799781858921051,
    "src_var_elliptical": 0.0011263476917520165,
    "tgt_var_elliptical": 0.0011344264494255185,
    "src_var_irregular": 0.0010902939829975367,
    "tgt_var_irregular": 0.0007896359311416745,
    "src_var_spiral": 0.00044479675125330687,
    "tgt_var_spiral": 0.0004955654731020331,
    "src_class_pct_elliptical": 22.246287128712872,
    "tgt_class_pct_elliptical": 13.746105919003115,
    "src_class_pct_irregular": 6.435643564356436,
    "tgt_class_pct_irregular": 8.37227414330218,
    "src_class_pct_spiral": 71.3180693069307,
    "tgt_class_pct_spiral": 77.88161993769471,
    "silhouette_score": -0.0005748250987380743
  }
}