{
  "src_acc": 0.8635658914728682,
  "src_macro_f1": 0.6406569539009689,
  "src_recalls": [
    0.8461538461538461,
    0.12195121951219512,
    0.9349240780911063
  ],
  "src_cm": [
    [
      121,
      2,
      20
    ],
    [
      6,
      5,
      30
    ],
    [
      20,
      10,
      431
    ]
  ],
  "src_ece": 0.09886577480523163,
  "src_roc_auc_macro": 0.8700582838445049,
  "src_roc_auc_weighted": 0.9135311707410931,
  "src_auprc_macro": 0.6995294431317939,
  "src_auprc_weighted": 0.8940956042503367
}