{
  "tgt_acc": 0.8635477582846004,
  "tgt_macro_f1": 0.5944141987671584,
  "tgt_recalls": [
    0.9,
    0.06976744186046512,
    0.9425
  ],
  "tgt_cm": [
    [
      63,
      7,
      0
    ],
    [
      21,
      3,
      19
    ],
    [
      18,
      5,
      377
    ]
  ],
  "tgt_ece": 0.10456796800881099,
  "tgt_roc_auc_macro": 0.8453569892413736,
  "tgt_roc_auc_weighted": 0.9134670904599008,
  "tgt_auprc_macro": 0.6210066273932581,
  "tgt_auprc_weighted": 0.8704336804010397
}