{
  "test": {
    "domain_auc": 0.5986708259867082,
    "domain_acc": 0.6149425287356322,
    "a_distance": 0.7701149425287357,
    "domain_auc_elliptical": 0.8863636363636365,
    "domain_auc_irregular": 0.8809523809523809,
    "domain_auc_spiral": 0.670443587270974,
    "centroid_dist_elliptical": 0.07325414568185806,
    "centroid_dist_irregular": 0.1643947958946228,
    "centroid_dist_spiral": 0.04602058231830597,
    "avg_centroid_distance": 0.09455651044845581,
    "src_var_elliptical": 0.0013537986669689417,
    "tgt_var_elliptical": 0.001838150667026639,
    "src_var_irregular": 0.0004055018362123519,
    "tgt_var_irregular": 0.001086534233763814,
    "src_var_spiral": 0.0004642285348381847,
    "tgt_var_spiral": 0.0004951400333084166,
    "src_class_pct_elliptical": 22.118380062305295,
    "tgt_class_pct_elliptical": 13.671875,
    "src_class_pct_irregular": 6.230529595015576,
    "tgt_class_pct_irregular": 8.203125,
    "src_class_pct_spiral": 71.65109034267913,
    "tgt_class_pct_spiral": 78.125,
    "silhouette_score": 0.011713288724422455
  },
  "full": {
    "domain_auc": 0.9765108460738015,
    "domain_acc": 0.8701895462377943,
    "a_distance": 0.25962090752441136,
    "domain_auc_elliptical": 0.8397630019749835,
    "domain_auc_irregular": 0.9615191146881287,
    "domain_auc_spiral": 0.9462709313805366,
    "centroid_dist_elliptical": 0.05848280340433121,
    "centroid_dist_irregular": 0.11087314039468765,
    "centroid_dist_spiral": 0.04757460951805115,
    "avg_centroid_distance": 0.0723101869225502,
    "src_var_elliptical": 0.001453158911317587,
    "tgt_var_elliptical": 0.0017689974047243595,
    "src_var_irregular": 0.0005608826177194715,
    "tgt_var_irregular": 0.0009142298367805779,
    "src_var_spiral": 0.00042656887671910226,
    "tgt_var_spiral": 0.0004961366066709161,
    "src_class_pct_elliptical": 22.246287128712872,
    "tgt_class_pct_elliptical": 13.746105919003115,
    "src_class_pct_irregular": 6.435643564356436,
    "tgt_class_pct_irregular": 8.37227414330218,
    "src_class_pct_spiral": 71.3180693069307,
    "tgt_class_pct_spiral": 77.88161993769471,
    "silhouette_score": 0.012319677509367466
  }
}