{
  "src_acc": 0.8348909657320872,
  "src_macro_f1": 0.6899411501049624,
  "src_recalls": [
    0.8873239436619719,
    0.4,
    0.8565217391304348
  ],
  "src_cm": [
    [
      63,
      4,
      4
    ],
    [
      1,
      8,
      11
    ],
    [
      23,
      10,
      197
    ]
  ],
  "src_ece": 0.051483864353453285,
  "src_roc_auc_macro": 0.9333066903664605,
  "src_roc_auc_weighted": 0.9334460815573618,
  "src_auprc_macro": 0.7414640452753258,
  "src_auprc_weighted": 0.9164395349678915
}