{
  "tgt_acc": 0.76171875,
  "tgt_macro_f1": 0.5012853270226864,
  "tgt_recalls": [
    0.8285714285714286,
    0.047619047619047616,
    0.825
  ],
  "tgt_cm": [
    [
      29,
      1,
      5
    ],
    [
      11,
      1,
      9
    ],
    [
      27,
      8,
      165
    ]
  ],
  "tgt_ece": 0.1136364615522325,
  "tgt_roc_auc_macro": 0.7741046786963559,
  "tgt_roc_auc_weighted": 0.8526432771604959,
  "tgt_auprc_macro": 0.5738175395148891,
  "tgt_auprc_weighted": 0.8381036389442578
}